age,sex,1991,1992,1993,1994,1995,1996,1997,1998,1999,2000,2001,2002,2003,2004,2005,2006,2007,2008,2009,2010,2011,2012,2013,2014,2015,2016,2017,2018,2019,2020
0,Male,355690,355162,342554,342980,332065,326779,332858,323385,320558,310695,300956,301650,311829,322654,327191,335606,346762,360134,357124,362310,366537,374930,364958,357644,357381,360197,351582,343642,333765,323800
1,Male,348360,354799,353622,341208,342010,331344,326837,331961,323615,318932,309629,301593,302325,311879,322159,326684,337182,346927,359574,356537,360920,369103,377591,368150,361337,360991,363311,355122,347033,337269
2,Male,345897,348349,354728,353170,341410,341434,330882,327422,332063,322923,317683,310486,303249,303154,311945,321601,327486,338370,347287,360286,356593,363267,371703,380486,371298,364735,363815,366722,358209,350233
3,Male,350850,346154,348519,355058,353157,341753,341016,330902,328304,331697,322828,318775,312220,304972,303712,311761,322196,327589,339520,348488,361239,358683,365425,374507,383366,374340,367453,366885,369596,361234
4,Male,340177,350428,345828,348897,355666,353375,341728,340350,331069,329024,331349,324180,320895,314157,306341,303996,312551,322061,327578,341396,350034,363089,360834,368032,377084,386065,376684,370156,369309,372226
5,Male,337058,340091,350636,346234,349351,356561,353504,342222,340570,331113,329360,333437,326102,322778,314889,307247,304654,312651,322352,327825,342815,351775,364949,363278,370477,379365,388043,379046,372325,371613
6,Male,335608,336822,340012,350710,346880,350397,356903,353572,342720,339743,330738,331486,335337,327717,323646,315844,308667,305271,313104,322431,328076,344238,353388,366804,365251,372624,381141,389944,380825,374219
7,Male,321684,335847,336537,340331,351055,347410,350678,357263,353592,342615,338380,332287,333713,337185,328630,324833,317411,310106,306203,313371,322384,329541,345749,355224,368849,367332,374299,382853,391546,382526
8,Male,323130,322012,336296,336616,340850,351506,347592,351275,358208,353261,342364,340325,333835,335836,337953,329818,326597,319009,311859,306932,313670,323780,331031,347486,357193,370751,369033,375940,384456,393273
9,Male,322484,322703,322282,336796,336590,341421,351558,347913,351972,358612,352860,343370,342130,335244,337199,339168,331394,328232,320771,313351,307653,315051,325128,332653,349291,359280,372585,370701,377526,386161
10,Male,326496,321923,322034,323014,337786,336962,341716,351796,348552,352561,359135,353809,345082,343840,337041,338718,341052,332653,330379,322710,314994,309199,316394,326681,334541,351442,361183,374227,372267,379314
11,Male,330257,326726,322029,322254,323878,338955,337337,342435,352731,348906,353308,360151,354843,346017,346012,338047,340718,342408,334742,332448,324515,316550,310660,318061,328736,336657,353304,363050,376082,374271
12,Male,318650,329988,326623,322006,322322,324825,339510,337622,343142,352880,349384,353466,361222,354740,347143,347161,339473,342325,344547,336703,334301,325884,318034,312413,320067,330926,338532,355341,364655,377844
13,Male,293440,318732,329942,326812,322221,322465,325560,340650,338138,343786,353350,348695,353953,361303,355231,347556,348996,340558,344768,346550,338619,335887,327294,319871,314445,322184,332724,340477,356851,366326
14,Male,288721,293415,318765,330191,327193,322733,322490,326192,341501,338459,344339,351455,348342,353310,361873,354790,348327,350333,342367,347043,348506,340292,337499,329404,322203,316870,324343,335049,342314,358738
15,Male,301554,288896,293637,318922,330472,327662,323519,323129,326931,341054,340412,342759,351516,348522,354579,364760,356889,350729,353956,345738,350744,350049,341911,339755,332069,325297,319351,326966,337364,344827
16,Male,316478,301281,288692,293407,318817,330569,328165,323904,323812,327416,344276,340872,342047,351533,349556,357122,367614,359075,353967,358232,349391,352304,351534,344125,342463,335163,327772,322053,329348,339718
17,Male,327038,314202,300736,288378,292990,319015,330977,328569,324967,323351,331178,345015,342083,341112,351648,352189,360134,370163,361890,357752,362830,351288,354191,354853,347818,346635,338575,331230,325550,332749
18,Male,349944,323829,310882,296809,284599,288257,313044,324290,322572,317002,321734,334022,348203,344427,341392,355625,356040,363162,374527,366877,363483,365013,353039,357965,359255,352441,350201,342704,335493,330311
19,Male,372163,346082,319644,305713,291929,278065,280979,304292,316198,315290,314519,327621,339550,352695,348641,347961,361341,360129,369210,382777,374911,367793,368805,359162,364756,366462,357774,357238,349262,343752
20,Male,383487,371128,348503,323803,312489,300513,289399,294544,315346,327634,326366,317079,329009,343435,356820,351999,352192,363396,361547,377378,391614,379105,371910,375776,367210,373173,372227,365272,364369,358862
21,Male,382670,382866,370499,347370,324108,312776,301561,291021,295413,314415,328247,330054,320737,335933,349649,362081,360124,354610,364755,371264,387925,395786,382934,378275,383113,374818,378237,379090,371626,372800
22,Male,395386,381827,382462,369772,348386,324954,313722,303354,293684,297357,317041,333455,334337,330817,345101,356323,371861,365381,355441,375503,382973,392853,399816,389014,385653,390705,379254,384953,385032,380425
23,Male,398597,394111,380705,381283,370650,349138,325967,314903,307029,297420,303075,323222,339045,345278,342246,353673,366860,377720,368025,365626,386756,387022,396916,405559,395818,393014,394683,385545,389905,392652
24,Male,410699,397213,392443,379101,381628,370881,349550,326503,318488,310979,304482,308981,329083,350813,356763,352170,365413,372506,380328,379524,375340,389328,389408,400763,411283,402062,394783,398777,388132,395417
25,Male,413096,410269,396651,391824,380858,383341,371715,351102,331249,325109,317573,311594,314522,335086,360085,363825,361385,372309,372073,382955,385830,378222,391983,393300,405948,417030,404149,398344,401477,392703
26,Male,421976,412078,409172,396082,393641,382103,383767,372633,355029,336914,331340,323600,317014,319456,344005,367605,372470,369315,373041,374388,388744,387569,380756,395587,397787,411124,418059,406516,399460,404559
27,Male,421759,419822,411066,408601,397640,394283,382514,384705,376256,360360,342807,336643,328392,321618,326962,351224,376389,380055,371352,376282,379580,390186,389805,383485,399930,402765,411787,419212,407271,402925
28,Male,412151,418678,417763,410491,410299,399112,394354,383046,387723,380973,365262,348022,341242,332623,329247,333402,360047,384633,382088,375988,382535,380237,391796,392176,387025,404393,403210,412432,419256,409830
29,Male,401832,410169,416712,417008,411861,411063,399581,395124,385889,392258,384910,369781,352349,344845,339243,335100,340599,367826,387293,386365,383017,383457,382003,394195,396008,391582,405227,404407,412201,421276
30,Male,398020,399833,408229,415220,417567,412975,411501,399717,397314,389667,395591,385184,370562,353321,347723,341378,336893,345684,373022,388308,388036,382785,384615,383515,396594,399290,391180,405599,403707,413717
31,Male,378627,395457,398133,407126,415196,417689,413229,411806,401848,400734,393097,396108,385969,371690,355866,349257,342657,341135,349402,374061,390576,387979,383889,386452,386313,399829,399062,391440,404660,405041
32,Male,366139,376952,393099,396893,407108,415302,417470,413206,413245,404392,403056,393630,397184,386884,374208,357456,350291,346425,344890,349817,376381,389892,388526,385095,388578,388869,399643,399827,391092,405609
33,Male,358581,365860,375733,391690,397042,407267,414821,417222,414369,415842,406759,403126,393848,398050,388983,375712,358490,353626,349562,345178,351295,375288,389872,389438,386367,390254,388083,399528,399077,391589
34,Male,347425,358702,365073,374668,390960,396970,406484,413701,417444,416472,417582,406532,403262,394021,400234,390295,376780,361619,356390,349679,346680,350572,375438,390681,390743,387989,389410,387477,398283,399035
35,Male,339842,347186,358450,364655,374016,389610,395811,405531,413540,417746,417048,418007,408023,403570,397354,402105,393517,377788,361484,356835,350452,345802,350384,375609,391686,391988,387387,388951,385617,397360
36,Male,330028,339139,346924,358310,364623,373499,388306,394862,405556,413485,417934,417442,419182,407642,406323,398275,404942,394358,377751,362088,357400,349719,345608,350437,376282,392781,391861,387242,387931,385378
37,Male,335168,329384,338282,346744,358425,364549,372737,387311,394984,405801,413528,418196,418437,418758,409825,407064,400415,406160,394381,378268,362691,356752,349479,345551,351122,377270,392246,391396,386129,387466
38,Male,333196,334224,328785,337695,347069,358740,364239,372251,387148,395040,405901,413878,419159,417894,420409,409885,408689,400716,406342,394828,379017,361989,356870,349753,346302,352172,377387,391859,389897,385262
39,Male,326953,332788,333676,328618,337723,347350,358815,364292,372819,387034,395276,406753,415206,418627,419203,420201,410777,408823,400023,406933,395495,378444,362122,356716,349937,346731,352227,377286,390952,389232
40,Male,335546,326539,331665,333076,328775,337505,347513,358880,364533,372156,385494,397769,406404,413560,419564,417521,419348,410123,409583,398083,405691,394462,378605,361909,357070,350339,346452,352101,376940,390310
41,Male,344874,334812,326181,331286,332863,328796,337116,347381,359522,365000,371967,387363,397689,404791,414393,417855,416521,418383,410182,407629,396139,404656,394475,378349,361981,357150,350257,346424,351931,376308
42,Male,357474,343785,333715,325853,330957,332797,328670,336718,347923,360026,364895,373687,387208,396771,405591,413199,416866,415342,418115,407789,405713,395357,404688,394397,378828,362762,357502,350575,346480,351700
43,Male,382195,356535,343017,332843,325840,330485,332323,328499,336825,348749,360201,366354,373474,385828,397834,404488,412490,415738,414866,415628,405426,404697,395228,404660,394896,379290,362962,357469,350755,346250
44,Male,419180,381468,355659,342323,332386,325820,330100,331705,328610,336777,348641,361341,366111,372347,386460,397219,404101,411754,415295,412373,413171,404505,404613,395330,405438,395756,379709,363192,357752,350990
45,Male,326544,416241,380550,354566,341437,331251,325231,329188,331276,328065,336262,346222,360873,366017,371965,386452,395115,403440,411528,415041,411181,412350,404101,404612,395897,405864,395755,379234,362929,357795
46,Male,322340,326460,413561,379902,353735,340432,330050,324693,328619,330475,327721,333961,345889,360416,365463,371988,384214,394935,403243,411547,414054,410463,411749,403988,404902,396365,405783,395517,378695,362732
47,Male,324844,321767,325975,411525,379200,352690,339407,328977,324404,327702,329911,325078,333616,345348,359465,365291,370003,383644,395226,403356,410980,413073,409890,411595,404319,405100,396081,405365,394915,378169
48,Male,307765,323167,321041,325434,409366,378374,351472,338207,328017,323852,326768,327539,324387,333268,344460,358886,363091,369522,383490,395704,402826,410012,412294,409558,411737,404496,404785,395535,404794,394361
49,Male,281382,306692,321551,320342,324754,407040,377230,350321,337341,326839,323232,324806,326871,323517,332518,343792,356490,362480,369375,383477,395504,401718,409131,412066,409599,412008,404069,404530,394940,404120
50,Male,258997,279676,305415,319675,319702,324259,404217,376089,348982,336271,324788,322094,324030,325062,322881,331427,342685,356250,361987,368268,382183,394601,400964,408716,411852,409622,411482,403737,404023,394340
51,Male,274873,258355,278099,304100,318172,318942,323373,401509,375081,347910,334543,323733,320718,322491,324562,321320,330480,342653,355386,360623,367041,381162,393563,400303,408357,411470,408723,410877,403097,403388
52,Male,276860,273423,257343,276484,302886,316501,317895,322463,399169,374220,346118,333182,322481,318501,322151,323042,319933,330564,341750,353500,359204,365826,380153,393040,399787,408082,410685,408088,410430,402558
53,Male,275374,275266,271792,256297,274901,301470,314591,316619,321531,396612,372400,344498,331499,320479,317588,320883,321757,319610,329930,340055,351677,358135,364894,379530,392314,399246,407247,410161,407359,409863
54,Male,270148,273937,273678,270306,255402,273046,299827,312344,315734,320930,393046,370101,342664,329006,319715,315592,319799,321370,318474,328389,338310,350379,356922,364115,378702,391494,398115,406510,409311,406607
55,Male,264732,268476,272258,271992,268517,254108,271121,298040,310369,314421,319684,391421,366732,340397,327499,317903,313202,317906,319953,316973,327115,337129,349091,355810,363081,377767,390196,396937,405400,408245
56,Male,259811,262583,266393,270279,270099,266715,252449,269082,296264,308080,312635,316798,389192,363627,338425,325112,315427,310651,316552,318239,315134,325676,335740,347888,354517,361717,376135,388635,395372,404048
57,Male,250683,257467,260308,264293,268103,268001,264672,250691,267061,294097,305725,309694,313515,387349,360903,335989,322545,313059,308782,315146,316474,313644,324098,334470,346705,353194,360087,374426,386992,393763
58,Male,248977,248125,254989,257905,262139,266067,265769,262391,249193,264620,291858,303510,306471,310600,385885,357834,333094,319871,311206,306648,313535,314333,311644,322384,333033,345189,351191,357968,372260,384799
59,Male,255486,246573,245387,252249,255451,259949,263816,263314,260145,247493,262092,289006,301078,303486,307913,384002,354190,330051,317593,309190,304309,311378,312148,309897,320716,331589,343250,348931,355455,369819
60,Male,257061,251965,243512,242500,249314,252657,257305,261028,260701,257592,245115,259489,286036,298443,300034,304158,379685,350980,327495,315565,306833,301948,309038,310034,308234,319153,329565,341131,346521,352973
61,Male,251524,253195,248292,240795,239550,246393,249726,254696,258543,258011,254742,242059,256582,282765,295650,296256,298977,377626,347736,325086,312732,304215,299450,306940,308188,306384,316966,327219,338742,343949
62,Male,244746,247283,248928,244412,237308,236136,243020,246444,251662,255503,254696,251564,238608,253345,279413,292677,291305,295633,375483,344496,322062,309976,301456,297110,304930,306127,304096,314633,324648,336161
63,Male,240338,240369,242713,244599,240436,233691,232575,239482,243124,248498,252130,251326,247984,234830,250000,275676,288381,287979,292423,373340,340526,319163,307226,299244,294950,302639,303501,301744,312135,322134
64,Male,240166,235323,235628,238129,240080,236076,229851,228844,235826,239557,245047,248545,247568,244035,230879,246429,270859,285693,284431,289249,370535,337027,316060,304443,296646,292301,299835,300853,299092,309187
65,Male,240779,234746,230003,230594,233245,235192,231404,226062,225129,231989,236230,240664,243800,242803,239858,226195,242570,267698,282923,281409,285263,366461,333363,312914,301356,293444,288956,296655,297830,295926
66,Male,232118,234310,228942,224499,225319,228143,230076,226751,221825,220813,228182,231667,235621,238980,238510,235276,221991,239422,264120,280346,277372,281872,362289,329910,309482,298042,289965,285760,293332,294040
67,Male,227191,225377,227410,222782,218714,219690,222694,224736,221531,217392,216647,223530,226713,230650,234488,233894,231014,218153,235913,260731,276947,273717,278365,358049,325837,305838,294012,286256,282145,289269
68,Male,222378,220139,218470,220530,216441,212676,213856,217072,219229,216191,212719,211757,218516,221517,225744,229669,229352,226990,213979,232593,256753,272892,269719,274541,353348,321579,301731,290138,282360,277960
69,Male,226409,214678,212714,211390,213409,209938,206355,207932,211126,213363,211081,207344,206247,212989,216427,220440,224771,225085,222655,209951,228564,252346,268449,265492,270523,348241,316721,297174,285697,277833
70,Male,227783,218002,206707,204896,204130,205840,203033,199802,201648,204830,207508,205381,201562,200775,207837,211213,215511,220151,220470,218362,205293,224297,247788,263763,261077,265988,342389,311407,292274,280574
71,Male,228781,218433,209244,198647,197066,196331,198249,196140,192870,195125,198637,200991,199280,195551,195198,202399,205955,210482,215268,215878,213326,200748,219739,242951,258815,256203,261018,336190,305799,286766
72,Male,146082,218191,208855,199986,190344,188735,188453,190404,188691,185725,188619,191897,194064,192798,189534,189324,196974,200678,205043,210306,210743,208210,196033,214787,237729,253538,250823,255554,329666,299409
73,Male,133355,139699,207521,199106,190747,181587,180301,180406,182328,180903,178649,181466,184709,187068,186380,183274,183727,191519,195002,199612,204846,205492,202883,191355,209777,232113,247530,245020,249941,321844
74,Male,142501,126261,133032,196098,189017,181100,172798,171841,171980,173877,173347,171154,173905,177346,180201,179695,177131,178003,185674,189149,193751,199403,199948,197747,186225,204353,226153,241234,239106,243321
75,Male,144722,134096,119018,125915,184904,178728,171323,163777,162843,163238,165622,165258,163385,166314,170327,173077,173180,170751,171994,179778,183057,187953,193453,194301,191900,180829,198416,219625,234760,231914
76,Male,142647,135499,125741,111354,119014,173377,168285,161797,154628,153875,154920,157080,156858,155486,158593,162894,165914,166362,164076,165735,173479,176899,181474,187466,187969,185826,175091,192021,212840,226838
77,Male,134293,132433,125512,116891,103859,111948,161732,158048,151793,145232,145303,145953,148230,148367,147594,150991,155321,158531,159196,157163,159253,166896,170323,175147,180530,181256,179249,168807,185570,204712
78,Male,122225,123753,122234,116257,108334,96199,104951,150434,147510,141519,136230,136242,136965,139499,139816,139570,143167,147670,150985,152185,150085,152591,159936,163634,168014,173197,173997,172046,162379,177728
79,Male,108863,112081,113668,112302,106867,99646,88775,98315,138666,136997,131977,126959,127002,127982,130563,131501,131641,135242,139686,143291,144716,143232,145477,152992,156098,160674,165480,166392,164663,154368
80,Male,96000,98826,102136,103036,102481,97237,91157,81591,91498,126970,126947,121847,117548,117695,119192,121930,123013,123397,127093,131885,135438,137073,135686,138252,145013,148374,152568,157065,158350,155661
81,Male,86419,86460,89293,91604,93184,92547,87881,82863,74417,84821,116052,116146,111865,108018,108627,110367,113320,114524,114936,118886,123733,127378,129033,128138,130225,136877,140113,143896,148761,148832
82,Male,75507,77037,77191,79598,82025,83278,83151,79316,74643,67263,78615,104892,105378,101965,98925,99712,101577,104481,105755,106689,110662,115420,118670,120922,119702,122069,128259,131207,135371,138619
83,Male,64871,66613,68232,68242,70509,72586,73897,74147,70514,66522,60454,71367,94015,94801,92381,89958,90974,92902,95885,97404,98416,102320,106712,110308,111789,111164,113427,119193,122422,125204
84,Male,53842,56529,58254,59377,59740,61682,63832,65143,65261,61979,59199,53849,64322,83249,84541,83284,81297,82478,84036,87457,88954,89814,93454,98281,101110,102861,102221,104143,110254,111986
0,Female,342391,337749,325791,325118,315589,309831,316340,308020,304489,296031,288138,287641,295008,306222,312113,320619,329804,343308,340700,345180,348918,357066,345969,340169,339138,342251,334380,326155,315623,307514
1,Female,333971,341396,336634,324726,324643,314717,309841,315770,308545,303676,294539,289486,287867,294420,306584,312098,322027,330347,343405,340131,344644,351517,359516,349252,343625,342669,345349,337670,329379,319044
2,Female,331693,334019,341064,336446,324966,324105,314370,310359,316425,308575,302174,296328,290608,287723,295324,306616,312422,323593,331196,343449,340637,346966,353840,362591,352575,347055,345424,348591,340628,332653
3,Female,335793,331991,334165,341159,336364,325045,323647,314242,311519,316599,307905,304234,297596,291443,288721,295689,306918,312672,325200,331808,344380,342586,348767,356577,365514,355629,349544,348453,351125,343350
4,Female,326068,335506,331746,334429,341298,336432,325113,323246,314659,312475,315802,309955,305966,298703,293177,289264,296145,307051,312877,326462,333299,345998,344304,351224,359284,368375,358092,352034,350512,353465
5,Female,321431,325840,335221,331581,334285,341195,336136,325113,322883,313716,313333,317423,311936,308009,299492,293944,290111,296443,307539,313698,327583,334764,347543,346558,353652,361760,370461,360147,353992,352594
6,Female,320703,321580,326092,335362,332107,334959,341329,336392,325972,322294,313980,314679,319453,313586,309025,300425,295538,290629,297100,308135,313502,328786,336116,349466,348529,355597,363485,372335,361919,355901
7,Female,307667,320743,321412,326320,335492,332228,334983,341303,336678,325593,322044,315285,316694,321400,314468,310150,302237,296941,291523,297974,307763,314879,330043,337853,351313,350334,357105,365100,373679,363588
8,Female,308217,307930,320850,321516,326641,335569,332301,335247,341888,336305,326117,323732,317207,318500,322453,315488,312176,303833,298565,292551,297864,309015,316165,331648,339461,353002,351737,358982,365717,374713
9,Female,307553,308409,308279,321232,321576,327051,335673,332617,336167,341808,336791,327317,325734,318919,319439,323650,317238,313883,305565,300341,292669,299318,310395,317719,333250,341024,354309,353272,360005,367048
10,Female,312845,307204,308191,308597,321425,321641,327079,335592,333102,335715,341420,338444,328553,326342,319867,321111,325906,318513,315079,307372,301342,294107,300721,312032,319355,334884,342432,356173,354261,361287
11,Female,315534,313562,307687,308568,309256,322091,321937,327635,336442,332886,335915,343047,339853,328890,327640,321658,323080,327332,319602,317126,308567,302954,295664,302458,313887,321212,336432,344031,357185,355554
12,Female,302920,315622,313850,307944,308706,309764,322269,322037,328354,336038,332741,336216,344353,340033,329679,329457,323558,324353,328587,321389,318436,310179,304533,297573,304380,315838,323003,338357,345303,358653
13,Female,278976,303409,315971,314366,308516,309337,310285,322867,323026,328529,336345,333000,336657,344275,340835,331141,331655,324933,325516,330585,322702,319951,311591,306343,299498,306263,317425,324828,339871,346775
14,Female,274443,279403,303676,316296,314726,308788,309287,310624,323466,322646,328464,336636,333848,335540,344872,342226,332798,333120,325993,327260,332026,324096,321383,313310,308136,301097,307789,319249,326276,341254
15,Female,286924,275081,280036,304364,317218,315436,309492,309541,311084,322353,323443,328518,338426,334962,337062,346443,344640,335471,336284,328203,330039,333278,325305,323175,315218,310133,302881,309669,320916,327703
16,Female,299695,287405,275530,280575,305085,317604,316086,309904,309895,310789,324331,323405,331098,340503,337345,337877,349300,348053,338891,339119,331588,330984,334321,327259,325073,317338,311994,304705,311260,322167
17,Female,311382,300040,287722,276041,281259,305488,318201,316535,310495,308906,313208,324612,326195,333656,343722,338441,340202,353203,352261,341644,343404,332862,332213,336676,329987,327868,319674,315248,306835,313556
18,Female,333303,311660,300164,287970,276288,280636,304366,316354,314857,304937,307972,314786,328756,330487,339947,346061,343261,345888,360131,356631,348008,346125,335031,335523,340574,333753,331499,323012,318239,310042
19,Female,355147,336011,315403,305110,293978,282276,286141,308370,320219,315704,309464,311795,321225,336335,340896,343824,354813,353155,356003,366707,366756,352948,350343,340908,342067,346804,338856,337970,328346,324867
20,Female,376572,356898,335982,314767,304169,293161,283213,288688,307889,322251,324064,315513,317668,326626,344516,349264,350654,361897,356705,361515,374281,371094,357535,356629,347962,348711,352592,345284,343967,334829
21,Female,372828,377846,358699,338098,317537,306393,296090,287227,291597,310634,326262,331110,322450,326344,337716,355224,357310,359554,366714,363915,369976,378827,374507,362068,362254,352464,352639,356970,349072,348432
22,Female,389892,374679,379087,361387,341472,320533,309399,300327,292617,296408,316192,335066,338790,332908,341741,351364,365207,367732,365437,375624,374322,375795,384022,380577,369424,368099,357867,359679,363222,355765
23,Female,394574,391551,376541,381528,365326,344937,324253,312896,306322,299317,304231,324742,342923,348548,347020,355929,361018,374530,372505,373043,384541,379809,381144,390034,387973,375506,373084,364594,365921,369410
24,Female,406716,395652,392285,378491,383485,367926,347674,327512,318446,311426,306936,311369,332249,352734,362008,360895,367022,370426,379154,379279,381109,388104,383526,385300,395781,392488,378601,377796,369019,370487
25,Female,415693,407717,396676,393932,380753,385430,370778,351047,333342,325988,316483,311297,316688,339903,363734,368099,368972,371651,372938,383089,382585,383728,390886,386902,389857,399410,395190,382149,381121,372071
26,Female,423615,415788,408366,398471,395720,382706,387509,374060,356081,340075,330440,320576,316348,322718,350189,369940,375630,373576,375930,377117,386177,384865,386401,393921,391474,393569,401927,398238,384630,383451
27,Female,422853,422775,415786,410157,400230,397351,384800,389834,378707,362102,344165,333849,325207,321980,330951,355814,377173,379647,377730,381517,380309,387861,387180,389318,398454,394773,395867,404484,399977,385816
28,Female,415285,421489,421727,416586,411199,401811,398772,386869,392998,384709,365707,347167,338120,330618,329808,335313,362551,381412,383347,383192,386325,381904,389580,389566,393213,401735,396962,397714,405504,400919
29,Female,405883,414261,420306,422123,416993,412411,403314,400445,389813,396999,387867,368182,350693,342934,337797,333743,340273,366401,385263,388103,387793,387634,383761,392033,393327,396097,403735,398776,398772,406057
30,Female,394420,404359,413011,420254,421897,417695,413879,404733,403138,393858,399464,389841,370405,352034,348555,342965,335054,344533,368553,388973,390950,388750,389005,385457,394938,395598,397417,405108,399102,399137
31,Female,377242,393778,403476,413365,419763,422023,418567,414833,406703,405815,395794,401608,391415,371583,356622,352831,344238,338916,345720,371960,391934,391846,389799,389957,387276,396068,396636,398745,406246,400073
32,Female,371001,376932,393044,403874,412991,419850,422428,418949,416526,409383,407451,397491,403892,391861,375675,360403,353921,348063,340231,347928,374870,392780,392857,390766,391825,388671,397219,398264,399740,406975
33,Female,363722,370754,376548,393454,403421,413020,419967,422491,419958,418700,410866,408953,398899,404587,394736,378546,361066,357034,349361,342280,349530,375352,393529,393706,392387,392842,390070,398654,399338,400470
34,Female,352943,363623,370167,377018,392935,403212,413016,419716,422847,421523,419849,412220,410182,399262,407762,396976,379005,363766,358176,351559,344095,349655,376012,394214,394972,393011,393762,391388,399663,399678
35,Female,340066,352468,363081,370177,376035,392258,402587,412501,419930,423619,421879,420766,411879,411498,400394,409500,397971,380532,365920,359036,351572,344037,350027,376810,395408,395590,393869,394992,392203,399676
36,Female,330476,340272,352487,363852,369727,376114,392276,402574,413174,420886,423821,422869,420049,413008,412459,401331,410984,398773,382325,366521,359019,351680,344600,350939,378207,396400,396661,394926,395886,392123
37,Female,336508,331009,340289,352983,363405,369394,375853,391891,402526,413375,420183,424925,422439,420693,413746,413290,402235,412373,399960,382721,366322,358863,351922,345421,352310,379203,397152,397248,395296,395446
38,Female,335282,336504,331257,340888,352542,363422,369094,375767,392119,402965,413182,421318,424703,423206,420953,414574,414091,403103,414097,399712,382330,366503,359257,352691,346528,352900,379536,397337,397106,395007
39,Female,330473,335251,336630,332128,340767,352703,363593,369156,376207,392835,402920,413906,421152,425564,423440,421270,415201,414662,404081,414527,398805,382335,366674,359824,353811,347188,353402,379664,397545,397132
40,Female,335536,330468,334659,336893,332118,340803,352539,363336,368928,376747,391872,403623,413862,421603,425877,422974,422107,413870,415316,404545,415114,398939,382587,367313,361097,354946,347989,353791,379931,397279
41,Female,347195,335430,330482,334648,336602,332266,340801,352370,363635,369508,376270,392130,403651,413875,421930,425424,423947,420356,414343,415533,404411,415044,399045,382771,367975,361819,355306,348121,353510,379497
42,Female,358793,346866,335085,330658,334153,336437,332323,340689,352587,364307,368881,376595,391855,403815,413816,421562,426452,422443,420327,414506,415324,404652,415241,399444,383488,369274,362438,355929,348375,353590
43,Female,384509,358404,346426,334872,330487,333826,336312,332408,340947,353018,363762,369236,376489,391591,403937,413097,422475,425202,422468,419956,414224,415184,404552,415247,399958,384276,369505,362755,355861,348112
44,Female,418511,384575,357899,346275,334363,330467,333671,336205,333032,341661,352564,363833,369180,376295,391330,403430,413522,421388,425307,422255,419126,414220,415119,404540,415605,400660,384556,369598,362318,355197
45,Female,326544,416047,383873,357280,345389,333813,330146,332946,336158,333596,340835,351510,363313,368285,375836,390570,403322,413363,421122,424585,421546,419132,414284,415165,404949,416289,400891,385049,369438,362174
46,Female,322622,326658,414362,383650,356506,344947,333367,329870,332835,336325,332908,340035,351064,362279,367918,375153,390122,403260,412769,420517,424010,421335,419109,414422,415608,405589,416520,401192,384993,369329
47,Female,323505,322527,326908,412159,382817,355775,344124,332669,329718,332880,335467,331779,339604,350112,361580,367232,374755,389700,402873,411826,420061,423796,421414,419195,414873,415877,405667,416845,401024,384646
48,Female,306563,322389,322366,327153,410164,382314,355059,343459,332212,329854,331838,334374,331031,338693,349554,360689,366765,374457,388977,402218,410972,419840,423728,421586,419608,415029,415896,406090,416836,400894
49,Female,279983,306059,321391,322292,326881,408596,381719,354290,342941,331993,329085,330952,333686,329828,338083,348739,360038,366456,373858,387964,401573,410600,419714,423989,421967,419732,415092,416040,406320,416884
50,Female,258544,279118,305292,320244,321755,326798,406754,380978,353487,342681,331011,328175,329653,332138,328519,337130,347489,359297,365612,372918,387883,401028,410237,419765,424113,421884,419542,415130,416100,406236
51,Female,274122,258626,278382,304764,319073,321324,326494,405010,380163,353159,341672,330264,326346,328300,330902,327373,335881,346861,358306,364704,372818,387240,400590,410086,419939,424016,421803,419486,415151,415958
52,Female,277696,273580,258498,277481,303802,317872,320738,326196,403016,379741,352026,340792,328574,324492,327273,329734,325911,335361,345887,357023,364657,372177,386604,400317,409837,419537,423608,421439,419196,414663
53,Female,275443,276814,272707,258092,276514,302948,316673,319964,325653,401660,378551,350980,339052,326833,322929,326252,328238,324978,334505,344733,356694,363922,371316,386267,400019,409559,419033,423144,420844,418498
54,Female,269506,274755,275952,272125,258098,275455,301966,314896,319599,326188,398068,376952,349040,337189,325292,321411,324974,327399,323778,333378,344514,355985,363163,370807,385737,399538,409007,418559,422430,420210
55,Female,266070,268710,273716,274952,271053,257573,274400,300915,313618,319013,325315,397707,373967,347108,335359,324038,320252,323160,326692,322905,332680,343714,355275,362625,370246,385123,398759,408404,417699,421717
56,Female,260191,265121,267950,272698,273778,270248,257374,273136,299913,311935,318212,323418,395878,371229,344993,333980,322994,317894,322585,325730,321939,331771,342827,354701,362060,369729,384474,398188,407513,416832
57,Female,252961,258732,263664,266609,271266,272550,269019,256306,271936,298726,310309,316398,320433,394450,368517,343440,332692,320781,316732,321773,324671,320942,330779,342184,354134,361450,369030,384028,397127,406579
58,Female,253831,251542,257099,262207,265092,269864,271004,267642,255368,270607,297221,309339,313595,317850,393103,366326,341993,330503,319664,315336,320864,323702,320013,330065,341553,353502,360761,368173,382989,396216
59,Female,260345,252278,249885,255530,260635,263621,268315,269475,266214,254238,268963,295609,307145,310943,315084,392052,364308,339462,329157,318368,313823,319773,322756,319251,329452,340844,352731,359874,367324,381986
60,Female,267897,258639,250824,248442,253998,259052,262169,266663,267898,265140,253080,267531,293879,305567,307976,312190,390260,362052,337618,327312,316675,312505,318624,321833,318459,328625,339800,351781,358544,366126
61,Female,268395,265745,256816,249378,246933,252457,257324,260815,265146,266632,263308,251092,266104,291714,303218,305118,309094,388991,359577,335600,325386,315394,311219,317563,320886,317509,327425,338594,350333,357059
62,Female,262587,265745,263251,254629,247481,245014,250424,255318,258997,263596,264302,261261,249041,264174,288963,301187,302122,306709,387596,356855,333606,324054,314075,310296,316537,319894,316438,325934,337054,348755
63,Female,259251,260067,263017,260730,252325,245580,243066,248501,253426,257499,261255,262255,259172,246583,261480,286313,298927,299700,304055,385971,354118,332007,322412,312890,309182,315340,318411,314964,324317,335386
64,Female,261240,256175,257300,260003,258158,250086,243639,241149,246602,251562,255386,258971,260116,256608,243389,259056,283472,297166,297082,301247,384299,352065,330282,321111,311631,307789,313838,317173,313302,322499
65,Female,263740,258019,252741,254256,256962,255206,247331,241272,238785,244724,249106,252817,256596,257408,253947,239404,256317,281382,295312,294307,298471,381771,349878,328417,319411,309826,305862,311698,315064,311180
66,Female,262204,260044,254447,249194,250871,253641,251975,244540,238906,236586,242048,246378,250095,253853,254647,250386,236384,254236,278878,293218,291390,296210,378959,347566,326023,317115,307558,303606,309565,312728
67,Female,263092,258092,256054,250632,245582,247319,250073,248604,241462,236304,233760,239294,243571,247029,250929,250638,246907,233900,251915,276125,291119,289020,293846,376261,345080,323663,314699,305321,301315,307096
68,Female,264264,258678,253899,252082,246848,241572,243698,246366,245155,238741,233764,230746,236453,240190,243716,246855,247313,244166,230955,249436,273312,288461,286391,291407,373075,342218,320988,312027,302725,298611
69,Female,273162,259290,253856,249537,247608,242482,237271,239747,242386,241713,235327,230254,227495,233058,236740,239544,243250,244341,241116,227872,246765,270519,285537,283737,288686,369534,339056,318141,308849,299612
70,Female,283820,267641,254083,248798,244571,242685,237743,232820,235507,238234,237667,231564,226520,223843,229606,232654,235768,239986,241103,237614,224580,243930,267383,282392,280593,285529,365647,335520,314691,305570
71,Female,292396,277712,261840,248259,243261,239166,237410,232896,228086,230938,233658,233264,227552,222455,220102,225405,228658,232127,236384,237622,234074,221681,240963,264255,278868,277161,282222,361374,331407,310759
72,Female,193821,284236,271065,255521,242345,237424,233525,231879,227654,223025,226189,228842,228546,223012,218024,215804,221345,224948,228237,232617,233950,230707,218554,237623,260621,275173,273288,278419,356503,326913
73,Female,183162,189324,275664,263899,248809,235765,231009,227495,225793,222224,217760,220842,223755,223402,218332,212889,211363,217371,220724,224061,228648,230113,226916,215200,233959,256594,270941,269150,274465,351223
74,Female,199370,177319,184623,266380,256335,241488,228871,224481,220957,219543,216486,212077,215255,218257,217989,212999,207868,207025,212990,216307,219707,224780,226063,222954,211367,229828,252244,266284,264760,269635
75,Female,208868,192495,171208,179513,256986,248272,233858,221842,217454,214033,213232,209988,206073,208975,212364,212073,207643,202862,202250,208420,211639,215264,220237,221716,218586,207192,225303,247270,261370,259589
76,Female,215894,200877,185147,164844,174116,246872,239778,225860,214072,209933,207174,206011,202998,199689,202453,206058,205861,202211,197424,197280,203522,206969,210433,215593,216751,213843,202640,220354,242170,255631
77,Female,209661,206852,191924,177474,158156,168083,236245,230975,217372,205827,202407,199666,198484,195637,192978,195544,199606,199723,196400,191777,191907,198479,201698,205375,210046,211436,208403,197340,215248,235837
78,Female,196488,199995,197451,183418,169726,150931,161813,225501,221489,208635,197746,194211,191623,190473,188111,185610,188565,192872,193105,190340,185870,186382,192659,196398,199604,204330,205418,202488,192062,208817
79,Female,183908,186594,190160,187452,174223,161261,143351,155537,213753,211413,199856,189164,185436,183124,182056,180128,178224,181420,185728,186313,183719,179843,180186,186945,190171,193603,197880,198782,196409,185581
80,Female,171948,173605,176457,179460,177218,164364,152266,135687,148973,201599,201564,189890,179684,176381,174306,173695,171865,170571,173619,178291,178937,176861,173125,174035,179925,183560,186809,190764,192105,188688
81,Female,162382,161203,162911,165411,168504,166146,154174,143368,127651,141843,189275,190366,179439,169897,166856,165370,164933,163266,162343,165651,170657,171335,169359,166352,166658,172776,176223,179345,183494,183889
82,Female,150693,151149,150243,151542,154317,157068,154850,143866,133760,119196,135058,177014,178445,168382,159937,157284,156001,155618,154342,154212,157406,162402,162876,161750,158386,159088,164821,168094,171612,174604
83,Female,138245,139163,139726,138873,140337,142643,144917,143626,132920,124012,110828,126376,164224,166052,157180,149971,147625,146302,146184,145236,145454,148827,153453,154501,152804,150163,150877,156290,159775,162505
84,Female,122526,126547,127590,127645,127428,128384,130684,133361,131650,121861,114229,102065,117521,151070,153724,145630,139452,137321,136314,136577,135633,136380,139334,144646,144622,143653,141149,141800,147538,149767
