opioid,age,cause,rate,lower,upper
FALSE,18,all_cause,36.28451024,29.53858252,43.03043795
FALSE,19,all_cause,37.96257431,31.28614184,44.63900678
FALSE,20,all_cause,39.76802763,33.14957669,46.38647857
FALSE,21,all_cause,41.71156223,35.13770787,48.28541659
FALSE,22,all_cause,43.80491752,37.26006678,50.34976827
FALSE,23,all_cause,46.06099182,39.5269879,52.59499573
FALSE,24,all_cause,48.49396679,41.94972513,55.03820845
FALSE,25,all_cause,51.11944656,44.54059741,57.69829572
FALSE,26,all_cause,53.95461317,47.31316911,60.59605722
FALSE,27,all_cause,57.0184005,50.28246916,63.75433184
FALSE,28,all_cause,60.33168909,53.46525048,67.1981277
FALSE,29,all_cause,63.91752436,56.88028831,70.95476041
FALSE,30,all_cause,67.80136138,60.54871234,75.05401042
FALSE,31,all_cause,72.01133956,64.49436498,79.52831414
FALSE,32,all_cause,76.57859122,68.74417779,84.41300466
FALSE,33,all_cause,81.53758844,73.32855966,89.74661722
FALSE,34,all_cause,86.92653326,78.2817953,95.57127122
FALSE,35,all_cause,92.78779709,83.642458,101.9331362
FALSE,36,all_cause,99.16841582,89.45384646,108.8829852
FALSE,37,all_cause,106.1206483,95.76445921,116.4768373
FALSE,38,all_cause,113.7026064,102.6285221,124.7766907
FALSE,39,all_cause,121.9789676,110.1065837,133.8513514
FALSE,40,all_cause,131.0217794,118.2661928,143.777366
FALSE,41,all_cause,140.9113711,127.1826687,154.6400735
FALSE,42,all_cause,151.737385,136.9399739,166.534796
FALSE,43,all_cause,163.5999463,147.6316985,179.5681942
FALSE,44,all_cause,176.6109903,159.36216,193.8598206
FALSE,45,all_cause,190.8957685,172.2476272,209.5439099
FALSE,46,all_cause,206.5945616,186.4176704,226.7714528
FALSE,47,all_cause,223.8646267,202.0166412,245.7126123
FALSE,48,all_cause,242.8824152,219.2052845,266.559546
FALSE,49,all_cause,263.8460991,238.1624816,289.5297165
FALSE,50,all_cause,286.9784526,259.0871238,314.8697813
FALSE,51,all_cause,312.5301414,282.2001161,342.8601668
FALSE,52,all_cause,340.7834809,307.746513,373.8204489
FALSE,53,all_cause,372.0567329,335.9977969,408.1156688
FALSE,54,all_cause,406.7090241,367.2543227,446.1637255
FALSE,55,all_cause,445.1459807,401.8479737,488.4439876
FALSE,56,all_cause,487.8261885,440.1451065,535.5072705
FALSE,57,all_cause,535.2686072,482.549891,587.9873234
FALSE,58,all_cause,588.0610873,529.5081932,646.6139814
FALSE,59,all_cause,646.8701619,581.5121601,712.2281638
FALSE,60,all_cause,712.4523159,639.1056753,785.7989566
FALSE,61,all_cause,785.666966,702.890819,868.4431131
FALSE,62,all_cause,867.4914263,773.5354209,961.4474317
FALSE,63,all_cause,959.0381782,851.7817349,1066.294621
FALSE,64,all_cause,1061.574819,938.4562174,1184.693422
FALSE,65,all_cause,1176.547128,1034.48037,1318.613886
TRUE,18,all_cause,409.6197309,365.3805277,453.858934
TRUE,19,all_cause,430.4549736,386.4804493,474.4294979
TRUE,20,all_cause,452.4448244,408.6861203,496.2035285
TRUE,21,all_cause,475.6577216,432.0487156,519.2667277
TRUE,22,all_cause,500.1663962,456.621699,543.7110933
TRUE,23,all_cause,526.0481543,482.4612845,569.6350242
TRUE,24,all_cause,553.3851802,509.6270669,597.1432935
TRUE,25,all_cause,582.2648585,538.1828416,626.3468754
TRUE,26,all_cause,612.7801202,568.1976112,657.3626291
TRUE,27,all_cause,645.0298119,599.7467524,690.3128714
TRUE,28,all_cause,679.1190909,632.9132822,725.3248996
TRUE,29,all_cause,715.159848,667.7891412,762.5305548
TRUE,30,all_cause,753.2711592,704.4763911,802.0659274
TRUE,31,all_cause,793.5797702,743.0882384,844.071302
TRUE,32,all_cause,836.2206135,783.7498185,888.6914085
TRUE,33,all_cause,881.3373634,826.5987251,936.0760017
TRUE,34,all_cause,929.0830289,871.7853107,986.3807471
TRUE,35,all_cause,979.6205893,919.472821,1039.768358
TRUE,36,all_cause,1033.123675,969.8374389,1096.409911
TRUE,37,all_cause,1089.777296,1023.068308,1156.486283
TRUE,38,all_cause,1149.778622,1079.367585,1220.189659
TRUE,39,all_cause,1213.337822,1138.950549,1287.725095
TRUE,40,all_cause,1280.678957,1202.045764,1359.31215
TRUE,41,all_cause,1352.040946,1268.895283,1435.186609
TRUE,42,all_cause,1427.67859,1339.754845,1515.602336
TRUE,43,all_cause,1507.863684,1414.894044,1600.833324
TRUE,44,all_cause,1592.886196,1494.596407,1691.175985
TRUE,45,all_cause,1683.05554,1579.159321,1786.95176
TRUE,46,all_cause,1778.701942,1668.893787,1888.510097
TRUE,47,all_cause,1880.177896,1764.123917,1996.231876
TRUE,48,all_cause,1987.859742,1865.186157,2110.533327
TRUE,49,all_cause,2102.149343,1972.428204,2231.870483
TRUE,50,all_cause,2223.4759,2086.207624,2360.744176
TRUE,51,all_cause,2352.297889,2206.890208,2497.705571
TRUE,52,all_cause,2489.10515,2334.848181,2643.36212
TRUE,53,all_cause,2634.421124,2470.458418,2798.383831
TRUE,54,all_cause,2788.805261,2614.100906,2963.509616
TRUE,55,all_cause,2952.855603,2766.157728,3139.553478
TRUE,56,all_cause,3127.211564,2927.012849,3327.410278
TRUE,57,all_cause,3312.556914,3097.052936,3528.060893
TRUE,58,all_cause,3509.622991,3276.669292,3742.576691
TRUE,59,all_cause,3719.192148,3466.260831,3972.123465
TRUE,60,all_cause,3942.101465,3666.237815,4217.965115
TRUE,61,all_cause,4179.246741,3877.02593,4481.467553
TRUE,62,all_cause,4431.586788,4099.070244,4764.103332
TRUE,63,all_cause,4700.148045,4332.838621,5067.457468
TRUE,64,all_cause,4986.029552,4578.824318,5393.234787
TRUE,65,all_cause,5290.408302,4837.547617,5743.268988
FALSE,18,drd,5.363684908,1.714825712,9.012544104
FALSE,19,drd,5.729204674,2.064768106,9.393641242
FALSE,20,drd,6.097480974,2.424237586,9.770724363
FALSE,21,drd,6.465939044,2.78826127,10.14361682
FALSE,22,drd,6.831841691,3.151503477,10.51217991
FALSE,23,drd,7.192320274,3.508456437,10.87618411
FALSE,24,drd,7.544409934,3.853667638,11.23515223
FALSE,25,drd,7.885088536,4.181988108,11.58818896
FALSE,26,drd,8.211318651,4.4888174,11.9338199
FALSE,27,drd,8.520091787,4.770315547,12.26986803
FALSE,28,drd,8.808474004,5.023552787,12.59339522
FALSE,29,drd,9.073651949,5.246576297,12.9007276
FALSE,30,drd,9.312978315,5.43838784,13.18756879
FALSE,31,drd,9.524015707,5.598842615,13.4491888
FALSE,32,drd,9.704577891,5.728492155,13.68066363
FALSE,33,drd,9.852767465,5.828399383,13.87713555
FALSE,34,drd,9.967009038,5.899951746,14.03406633
FALSE,35,drd,10.0460771,5.944691527,14.14746267
FALSE,36,drd,10.08911791,5.964174282,14.21406154
FALSE,37,drd,10.09566484,5.959859506,14.23147017
FALSE,38,drd,10.06564679,5.9330331,14.19826049
FALSE,39,drd,9.999389493,5.884758953,14.11402003
FALSE,40,drd,9.8976096,5.815856356,13.97936284
FALSE,41,drd,9.761401803,5.726900306,13.7959033
FALSE,42,drd,9.592219228,5.618242545,13.56619591
FALSE,43,drd,9.391847626,5.490051978,13.29364327
FALSE,44,drd,9.162374011,5.342373673,12.98237435
FALSE,45,drd,8.906150498,5.175205707,12.63709529
FALSE,46,drd,8.625754222,4.988592384,12.26291606
FALSE,47,drd,8.323944292,4.782730654,11.86515793
FALSE,48,drd,8.003616789,4.558083703,11.44914987
FALSE,49,drd,7.667758816,4.31549211,11.02002552
FALSE,50,drd,7.319402622,4.056269452,10.58253579
FALSE,51,drd,6.961580773,3.782267329,10.14089422
FALSE,52,drd,6.597283265,3.495895953,9.698670578
FALSE,53,drd,6.229417415,3.200091575,9.258743255
FALSE,54,drd,5.860771232,2.898230237,8.823312228
FALSE,55,drd,5.493980864,2.593996536,8.393965192
FALSE,56,drd,5.131502574,2.29122336,7.971781788
FALSE,57,drd,4.775589578,1.993721877,7.557457278
FALSE,58,drd,4.42827391,1.705120126,7.151427694
FALSE,59,drd,4.091353385,1.428724378,6.753982391
FALSE,60,drd,3.766383556,1.167411883,6.365355228
FALSE,61,drd,3.454674491,0.923558241,5.985790741
FALSE,62,drd,3.157292059,0.698998427,5.615585691
FALSE,63,drd,2.875063342,0.495017728,5.255108956
FALSE,64,drd,2.608585724,0.312367463,4.904803986
FALSE,65,drd,2.35823915,0.151299871,4.56517843
TRUE,18,drd,241.2319984,199.7993322,282.6646647
TRUE,19,drd,256.0181763,214.5281275,297.5082252
TRUE,20,drd,271.0759059,229.5571937,312.5946181
TRUE,21,drd,286.3487351,244.8064209,327.8910494
TRUE,22,drd,301.7754134,260.1893777,343.361449
TRUE,23,drd,317.2902092,275.6148026,358.9656158
TRUE,24,drd,332.8232995,290.988425,374.6581741
TRUE,25,drd,348.301228,306.215025,390.387431
TRUE,26,drd,363.64743,321.2005823,406.0942778
TRUE,27,drd,378.7828199,335.8543174,421.7113224
TRUE,28,drd,393.6264343,350.0904198,437.1624489
TRUE,29,drd,408.0961265,363.8292886,452.3629644
TRUE,30,drd,422.1093015,376.9981931,467.2204099
TRUE,31,drd,435.5836854,389.5313627,481.636008
TRUE,32,drd,448.4381177,401.3696078,495.5066276
TRUE,33,drd,460.5933571,412.4596329,508.7270812
TRUE,34,drd,471.9728885,422.7532144,521.1925627
TRUE,35,drd,482.5037218,432.2063861,532.8010575
TRUE,36,drd,492.117168,440.7787323,543.4556037
TRUE,37,drd,500.7495847,448.4328344,553.066335
TRUE,38,drd,508.3430761,455.1338815,561.5522706
TRUE,39,drd,514.8461394,460.8494316,568.8428473
TRUE,40,drd,520.2142466,465.5492978,574.8791955
TRUE,41,drd,524.4103517,469.2055376,579.6151657
TRUE,42,drd,527.4053164,471.7925256,583.0181073
TRUE,43,drd,529.1782477,473.2871036,585.0693919
TRUE,44,drd,529.7167399,473.6688115,585.7646684
TRUE,45,drd,529.0170196,472.9202148,585.1138244
TRUE,46,drd,527.0839895,471.027354,583.1406249
TRUE,47,drd,523.9311713,467.9803481,579.8819945
TRUE,48,drd,519.5805483,463.7741819,575.3869147
TRUE,49,drd,514.0623099,458.4096955,569.7149243
TRUE,50,drd,507.4145028,451.8947668,562.9342388
TRUE,51,drd,499.6825943,444.2456338,555.1195548
TRUE,52,drd,490.9189544,435.4882518,546.3496571
TRUE,53,drd,481.1822656,425.6595295,536.7050017
TRUE,54,drd,470.5368685,414.8082579,526.2654791
TRUE,55,drd,459.0520553,402.9955535,515.1085571
TRUE,56,drd,446.8013202,390.2946864,503.3079539
TRUE,57,drd,433.8615788,376.7902502,490.9329075
TRUE,58,drd,420.3123685,362.5767212,478.0480157
TRUE,59,drd,406.2350401,347.7565399,464.7135402
TRUE,60,drd,391.7119539,332.437885,450.9860228
TRUE,61,drd,376.8256894,316.732327,436.9190518
TRUE,62,drd,361.6582802,300.7525201,422.5640403
TRUE,63,drd,346.2904831,284.6100541,407.9709122
TRUE,64,drd,330.8010908,268.4135448,393.1886368
TRUE,65,drd,315.2662949,252.2670033,378.2655864
FALSE,18,external,21.41526801,13.05905066,29.77148536
FALSE,19,external,21.18679565,13.32966496,29.04392634
FALSE,20,external,20.98013972,13.56917671,28.39110273
FALSE,21,external,20.79470716,13.77923873,27.81017558
FALSE,22,external,20.62996902,13.9615697,27.29836834
FALSE,23,external,20.48545796,14.11802269,26.85289324
FALSE,24,external,20.36076602,14.25064525,26.47088679
FALSE,25,external,20.25554269,14.36172284,26.14936255
FALSE,26,external,20.16949331,14.45379804,25.88518857
FALSE,27,external,20.10237764,14.52966082,25.67509445
FALSE,28,external,20.05400878,14.59230925,25.51570831
FALSE,29,external,20.0242523,14.64488551,25.40361908
FALSE,30,external,20.0130256,14.69059617,25.33545502
FALSE,31,external,20.02029754,14.73262743,25.30796764
FALSE,32,external,20.04608828,14.77406581,25.31811076
FALSE,33,external,20.09046941,14.81783159,25.36310724
FALSE,34,external,20.15356424,14.8666289,25.44049959
FALSE,35,external,20.23554839,14.92291272,25.54818406
FALSE,36,external,20.33665059,14.98887068,25.68443051
FALSE,37,external,20.45715379,15.06641597,25.84789162
FALSE,38,external,20.59739642,15.15718732,26.03760553
FALSE,39,external,20.75777401,15.26255228,26.25299574
FALSE,40,external,20.93874104,15.38361061,26.49387148
FALSE,41,external,21.14081309,15.52119511,26.76043107
FALSE,42,external,21.36456928,15.67586842,27.05327015
FALSE,43,external,21.61065505,15.84791424,27.37339586
FALSE,44,external,21.87978525,16.03732292,27.72224758
FALSE,45,external,22.17274761,16.2437712,28.10172401
FALSE,46,external,22.49040655,16.46659701,28.51421609
FALSE,47,external,22.83370749,16.70477099,28.96264399
FALSE,48,external,23.20368146,16.95686685,29.45049606
FALSE,49,external,23.60145028,17.22103407,29.98186649
FALSE,50,external,24.02823225,17.49497667,30.56148782
FALSE,51,external,24.48534828,17.77594252,31.19475403
FALSE,52,external,24.97422873,18.06072718,31.88773027
FALSE,53,external,25.49642081,18.3456952,32.64714642
FALSE,54,external,26.05359671,18.62681965,33.48037377
FALSE,55,external,26.64756245,18.89973743,34.39538747
FALSE,56,external,27.28026755,19.15981496,35.40072015
FALSE,57,external,27.95381564,19.40221567,36.50541561
FALSE,58,external,28.67047592,19.62195956,37.71899227
FALSE,59,external,29.43269581,19.81396558,39.05142605
FALSE,60,external,30.24311468,19.97306962,40.51315975
FALSE,61,external,31.10457882,20.09401465,42.115143
FALSE,62,external,32.02015783,20.17141294,43.86890271
FALSE,63,external,32.99316248,20.19968326,45.7866417
FALSE,64,external,34.02716427,20.17296763,47.88136091
FALSE,65,external,35.12601675,20.08503285,50.16700065
TRUE,18,external,114.5075929,81.63899954,147.3761862
TRUE,19,external,117.2827154,85.44686453,149.1185662
TRUE,20,external,119.9914699,89.12406818,150.8588716
TRUE,21,external,122.6262277,92.64917233,152.603283
TRUE,22,external,125.1794379,96.00221922,154.3566566
TRUE,23,external,127.6436634,99.16542538,156.1219013
TRUE,24,external,130.011616,102.1238768,157.8993552
TRUE,25,external,132.276193,104.8661458,159.6862401
TRUE,26,external,134.4305116,107.384738,161.4762852
TRUE,27,external,136.4679443,109.6762892,163.2595995
TRUE,28,external,138.3821526,111.7414628,165.0228424
TRUE,29,external,140.1671193,113.5845487,166.7496899
TRUE,30,external,141.8171809,115.2128179,168.4215438
TRUE,31,external,143.3270565,116.6357218,170.0183911
TRUE,32,external,144.6918767,117.8640426,171.5197107
TRUE,33,external,145.9072094,118.9090847,172.905334
TRUE,34,external,146.9690838,119.7819726,174.1561949
TRUE,35,external,147.874012,120.4930851,175.254939
TRUE,36,external,148.6190084,121.0516303,176.1863866
TRUE,37,external,149.2016056,121.4653463,176.9378649
TRUE,38,external,149.6198682,121.7403037,177.4994327
TRUE,39,external,149.8724037,121.880787,177.8640204
TRUE,40,external,149.9583702,121.8892328,178.0275075
TRUE,41,external,149.8774807,121.7662101,177.9887513
TRUE,42,external,149.6300052,121.5104341,177.7495764
TRUE,43,external,149.2167689,121.1188119,177.3147259
TRUE,44,external,148.6391476,120.5865247,176.6917705
TRUE,45,external,147.8990602,119.9071559,175.8909646
TRUE,46,external,146.9989581,119.0728812,174.9250351
TRUE,47,external,145.9418116,118.0747364,173.8088868
TRUE,48,external,144.7310933,116.9029806,172.5592061
TRUE,49,external,143.3707598,115.5475644,171.1939551
TRUE,50,external,141.8652294,113.9987019,169.7317568
TRUE,51,external,140.2193586,112.2475255,168.1911918
TRUE,52,external,138.4384161,110.2867834,166.5900488
TRUE,53,external,136.5280544,108.1115172,164.9445916
TRUE,54,external,134.4942801,105.7196481,163.2689122
TRUE,55,external,132.3434226,103.1124025,161.5744427
TRUE,56,external,130.0821011,100.2945301,159.8696722
TRUE,57,external,127.717191,97.27429437,158.1600877
TRUE,58,external,125.2557891,94.06325357,156.4483245
TRUE,59,external,122.7051781,90.67587367,154.7344825
TRUE,60,external,120.0727913,87.12903196,153.0165507
TRUE,61,external,117.3661767,83.44147015,151.2908833
TRUE,62,external,114.5929611,79.63324755,149.5526747
TRUE,63,external,111.760815,75.72523135,147.7963987
TRUE,64,external,108.8774179,71.73864585,146.0161899
TRUE,65,external,105.9504239,67.69469018,144.2061577
FALSE,18,cvd,0.881345083,0.352229893,1.410460272
FALSE,19,cvd,1.043444891,0.4531285,1.633761282
FALSE,20,cvd,1.23266568,0.576000163,1.889331198
FALSE,21,cvd,1.453025876,0.724584471,2.181467281
FALSE,22,cvd,1.709045592,0.903069551,2.515021633
FALSE,23,cvd,2.005793431,1.116109084,2.895477779
FALSE,24,cvd,2.348935098,1.368832078,3.329038119
FALSE,25,cvd,2.744783447,1.666844242,3.822722653
FALSE,26,cvd,3.200349516,2.016220449,4.384478583
FALSE,27,cvd,3.72339398,2.423488885,5.023299075
FALSE,28,cvd,4.32247838,2.895609078,5.749347681
FALSE,29,cvd,5.007015356,3.439948018,6.574082694
FALSE,30,cvd,5.787317024,4.064260754,7.510373294
FALSE,31,cvd,6.674640502,4.776683626,8.572597377
FALSE,32,cvd,7.681229512,5.58574896,9.776710063
FALSE,33,cvd,8.820350848,6.500428733,11.14027296
FALSE,34,cvd,10.10632442,7.530211062,12.68243778
FALSE,35,cvd,11.55454548,8.685207679,14.42388328
FALSE,36,cvd,13.18149756,9.976284213,16.38671092
FALSE,37,cvd,15.00475461,11.41520002,18.5943092
FALSE,38,cvd,17.04297069,13.01474211,21.07119928
FALSE,39,cvd,19.31585574,14.78883879,23.84287269
FALSE,40,cvd,21.84413568,16.75264213,26.93562924
FALSE,41,cvd,24.64949544,18.92257196,30.37641892
FALSE,42,cvd,27.75450325,21.31631677,34.19268972
FALSE,43,cvd,31.18251498,23.95278741,38.41224256
FALSE,44,cvd,34.9575572,26.85201762,43.06309678
FALSE,45,cvd,39.10418784,30.03500269,48.17337298
FALSE,46,cvd,43.64733381,33.52346339,53.77120422
FALSE,47,cvd,48.61210485,37.33951824,59.88469146
FALSE,48,cvd,54.02358345,41.50524323,66.54192368
FALSE,49,cvd,59.90659098,46.04209478,73.77108718
FALSE,50,cvd,66.28543049,50.97016953,81.60069145
FALSE,51,cvd,73.18360721,56.30727487,90.05993955
FALSE,52,cvd,80.62352811,62.06778829,99.17926794
FALSE,53,cvd,88.62618242,68.2612938,108.991071
FALSE,54,cvd,97.21080556,74.89100291,119.5306082
FALSE,55,cvd,106.3945294,81.95199746,130.8370613
FALSE,56,cvd,116.1920221,89.42937379,142.9546704
FALSE,57,cvd,126.6151221,97.29641692,155.9338273
FALSE,58,cvd,137.6724695,105.5129809,169.8319581
FALSE,59,cvd,149.369141,114.0242799,184.7140021
FALSE,60,cvd,161.7062926,122.760281,200.6523043
FALSE,61,cvd,174.6808166,131.6358284,217.7258049
FALSE,62,cvd,188.2850175,140.5515119,236.0185231
FALSE,63,cvd,202.506314,149.3951696,255.6174584
FALSE,64,cvd,217.3269728,158.0438119,276.6101338
FALSE,65,cvd,232.72388,166.3657179,299.082042
TRUE,18,cvd,7.253659636,3.658120722,10.84919855
TRUE,19,cvd,8.181340748,4.357366899,12.0053146
TRUE,20,cvd,9.220221249,5.158139163,13.28230333
TRUE,21,cvd,10.38263908,6.071787569,14.69349059
TRUE,22,cvd,11.68217549,7.110464757,16.25388622
TRUE,23,cvd,13.1337652,8.287112776,17.98041762
TRUE,24,cvd,14.75381466,9.615442588,19.89218673
TRUE,25,cvd,16.56032869,11.10991116,22.01074622
TRUE,26,cvd,18.57304603,12.78570447,24.36038759
TRUE,27,cvd,20.81358405,14.65873876,26.96842934
TRUE,28,cvd,23.30559316,16.74569617,29.86549015
TRUE,29,cvd,26.07492116,19.06411375,33.08572857
TRUE,30,cvd,29.14978801,21.63254471,36.66703131
TRUE,31,cvd,32.56097126,24.47080643,40.6511361
TRUE,32,cvd,36.34200257,27.6003208,45.08368434
TRUE,33,cvd,40.52937551,31.04453933,50.0142117
TRUE,34,cvd,45.16276501,34.82943151,55.4960985
TRUE,35,cvd,50.28525853,38.98400488,61.58651219
TRUE,36,cvd,55.94359939,43.54082177,68.346377
TRUE,37,cvd,62.18844201,48.53648313,75.8404009
TRUE,38,cvd,69.07461957,54.01206053,84.1371786
TRUE,39,cvd,76.66142367,60.0134697,93.30937764
TRUE,40,cvd,85.01289628,66.59178743,103.4340051
TRUE,41,cvd,94.19813358,73.8035169,114.5927503
TRUE,42,cvd,104.2916016,81.71080269,126.8724005
TRUE,43,cvd,115.3734633,90.38158966,140.365337
TRUE,44,cvd,127.5299166,99.88970909,155.1701242
TRUE,45,cvd,140.853543,110.3148637,171.3922223
TRUE,46,cvd,155.4436655,121.7424711,189.1448599
TRUE,47,cvd,171.4067165,134.2633127,208.5501203
TRUE,48,cvd,188.8566127,147.9729211,229.7403042
TRUE,49,cvd,207.9151375,162.9706294,252.8596455
TRUE,50,cvd,228.7123294,179.3581944,278.0664644
TRUE,51,cvd,251.3868743,197.2379015,305.5358472
TRUE,52,cvd,276.0865009,216.7100663,335.4629355
TRUE,53,cvd,302.9683771,237.8698701,368.066884
TRUE,54,cvd,332.1995058,260.8035089,403.5955027
TRUE,55,cvd,363.9571178,285.5837133,442.3305222
TRUE,56,cvd,398.429059,312.264794,484.5933239
TRUE,57,cvd,435.8141711,340.8774811,530.7508611
TRUE,58,cvd,476.322661,371.423923,581.2213989
TRUE,59,cvd,520.1764575,403.8732494,636.4796655
TRUE,60,cvd,567.609552,438.1580395,697.0610646
TRUE,61,cvd,618.86832,474.1718652,763.5647749
TRUE,62,cvd,674.2118189,511.7678285,836.6558094
TRUE,63,cvd,733.9120608,550.7577606,917.066361
TRUE,64,cvd,798.254254,590.9115895,1005.596918
TRUE,65,cvd,867.5370114,631.9563609,1103.117662
FALSE,18,copd,0.029626112,-0.044693739,0.103945962
FALSE,19,copd,0.034944289,-0.047819312,0.117707889
FALSE,20,copd,0.041218548,-0.050841006,0.133278101
FALSE,21,copd,0.048621024,-0.053661917,0.150903964
FALSE,22,copd,0.057354889,-0.056162073,0.170871851
FALSE,23,copd,0.067659958,-0.058195095,0.19351501
FALSE,24,copd,0.079819303,-0.059584803,0.219223409
FALSE,25,copd,0.094167074,-0.060121933,0.248456081
FALSE,26,copd,0.111097721,-0.059561193,0.281756635
FALSE,27,copd,0.1310769,-0.057618928,0.319772727
FALSE,28,copd,0.154654336,-0.053971763,0.363280435
FALSE,29,copd,0.182479034,-0.048256552,0.413214621
FALSE,30,copd,0.215317228,-0.040072002,0.470706458
FALSE,31,copd,0.254073586,-0.028982144,0.537129316
FALSE,32,copd,0.299816264,-0.014521573,0.614154101
FALSE,33,copd,0.353806487,0.003798096,0.703814878
FALSE,34,copd,0.417533501,0.026481826,0.808585175
FALSE,35,copd,0.492755856,0.054046876,0.931464837
FALSE,36,copd,0.58155018,0.087023568,1.076076793
FALSE,37,copd,0.68636879,0.1259646,1.24677298
FALSE,38,copd,0.810107761,0.171466423,1.448749099
FALSE,39,copd,0.956187342,0.224205541,1.688169144
FALSE,40,copd,1.128646971,0.28499128,1.972302663
FALSE,41,copd,1.332257528,0.354835127,2.309679929
FALSE,42,copd,1.572653978,0.435035791,2.710272166
FALSE,43,copd,1.856492099,0.527279058,3.185705141
FALSE,44,copd,2.191633677,0.633752394,3.749514959
FALSE,45,copd,2.587365348,0.757275389,4.417455308
FALSE,46,copd,3.054657217,0.901447927,5.207866507
FALSE,47,copd,3.606468468,1.070817612,6.142119325
FALSE,48,copd,4.258108556,1.271065983,7.245151129
FALSE,49,copd,5.027664061,1.509209062,8.54611906
FALSE,50,copd,5.936503194,1.793801125,10.07920526
FALSE,51,copd,7.00987208,2.135120437,11.88462372
FALSE,52,copd,8.277599545,2.545300807,14.00989828
FALSE,53,copd,9.774930182,3.038351657,16.51150871
FALSE,54,copd,11.54350907,3.629980386,19.45703775
FALSE,55,copd,13.63254579,4.337093298,22.92799829
FALSE,56,copd,16.10019049,5.176806443,27.02357454
FALSE,57,copd,19.01516053,6.164749857,31.8655712
FALSE,58,copd,22.45866361,7.31240801,37.60491921
FALSE,59,copd,26.52667135,8.623220633,44.43012207
FALSE,60,copd,31.33260731,10.08718657,52.57802806
FALSE,61,copd,37.01052514,11.67377048,62.34727979
FALSE,62,copd,43.71886627,13.32298043,74.11475211
FALSE,63,copd,51.64490317,14.93449983,88.35530651
FALSE,64,copd,61.00999316,16.35464933,105.665337
FALSE,65,copd,72.07579105,17.36069283,126.7908893
TRUE,18,copd,0.181434922,-0.023579956,0.386449799
TRUE,19,copd,0.236005241,-0.015524884,0.487535367
TRUE,20,copd,0.305863259,-0.001206719,0.612933236
TRUE,21,copd,0.394946136,0.021926607,0.767965665
TRUE,22,copd,0.508104831,0.057200484,0.959009178
TRUE,23,copd,0.651288897,0.1088915,1.193686294
TRUE,24,copd,0.831761704,0.182431714,1.481091693
TRUE,25,copd,1.058349387,0.284638963,1.83205981
TRUE,26,copd,1.341726818,0.423971214,2.259482421
TRUE,27,copd,1.694743723,0.610800842,2.778686604
TRUE,28,copd,2.13279377,0.85770223,3.407885311
TRUE,29,copd,2.674228969,1.179743398,4.168714539
TRUE,30,copd,3.340821026,1.594769983,5.086872068
TRUE,31,copd,4.158270405,2.123668475,6.192872336
TRUE,32,copd,5.156762623,2.790596404,7.522928842
TRUE,33,copd,6.371569859,3.623171538,9.119968181
TRUE,34,copd,7.843694204,4.652621498,11.03476691
TRUE,35,copd,9.620546751,5.913910171,13.32718333
TRUE,36,copd,11.75665437,7.445876337,16.06743241
TRUE,37,copd,14.31438332,9.291438357,19.33732829
TRUE,38,copd,17.36466587,11.49792858,23.23140317
TRUE,39,copd,20.98771292,14.11761363,27.85781221
TRUE,40,copd,25.27369236,17.20842815,33.33895658
TRUE,41,copd,30.32334943,20.8349051,39.81179376
TRUE,42,copd,36.24854193,25.06924082,47.42784303
TRUE,43,copd,43.17266017,29.99240294,56.3529174
TRUE,44,copd,51.23089849,35.69518009,66.76661689
TRUE,45,copd,60.57034282,42.27907792,78.86160772
TRUE,46,copd,71.34983722,49.85697051,92.84270393
TRUE,47,copd,83.7395914,58.55340833,108.9257745
TRUE,48,copd,97.92049136,68.50445752,127.3365252
TRUE,49,copd,114.0830771,79.85690162,148.3092525
TRUE,50,copd,132.4261536,92.76657981,172.0857274
TRUE,51,copd,153.1550069,107.3955705,198.9144433
TRUE,52,copd,176.4792011,123.9078619,229.0505404
TRUE,53,copd,202.6099433,142.4630944,262.7567923
TRUE,54,copd,231.7570088,163.2079304,300.3060871
TRUE,55,copd,264.1252338,186.2646455,341.9858221
TRUE,56,copd,299.9105947,211.7166831,388.1045062
TRUE,57,copd,339.2959044,239.5912475,439.0005612
TRUE,58,copd,382.4461757,269.8395687,495.0527826
TRUE,59,copd,429.5037139,302.3162518,556.691176
TRUE,60,copd,480.583018,336.759969,624.4060671
TRUE,61,copd,535.765585,372.7783329,698.7528371
TRUE,62,copd,595.0947266,409.8396737,780.3497795
TRUE,63,copd,658.57052,447.273372,869.867668
TRUE,64,copd,726.1450255,484.2786183,968.0114327
TRUE,65,copd,797.7179099,519.9397166,1075.496103
FALSE,18,other_resp,1.808901071,0.173421958,3.444380183
FALSE,19,other_resp,1.823025073,0.260915093,3.385135052
FALSE,20,other_resp,1.842977803,0.345481566,3.34047404
FALSE,21,other_resp,1.868947941,0.42766097,3.310234912
FALSE,22,other_resp,1.901183084,0.507938867,3.294427301
FALSE,23,other_resp,1.939993682,0.586757428,3.293229935
FALSE,24,other_resp,1.985758026,0.664527163,3.306988889
FALSE,25,other_resp,2.038928397,0.741640188,3.336216607
FALSE,26,other_resp,2.100038514,0.818485383,3.381591646
FALSE,27,other_resp,2.169712454,0.895465502,3.443959407
FALSE,28,other_resp,2.248675256,0.973016056,3.524334457
FALSE,29,other_resp,2.337765458,1.051625452,3.623905463
FALSE,30,other_resp,2.437949866,1.131855671,3.744044061
FALSE,31,other_resp,2.55034093,1.214362668,3.886319192
FALSE,32,other_resp,2.676217142,1.299915887,4.052518397
FALSE,33,other_resp,2.817046998,1.389416625,4.24467737
FALSE,34,other_resp,2.974517127,1.483915548,4.465118706
FALSE,35,other_resp,3.150565351,1.584630233,4.716500468
FALSE,36,other_resp,3.347419547,1.692964039,5.001875055
FALSE,37,other_resp,3.567643416,1.810527895,5.324758937
FALSE,38,other_resp,3.81419041,1.939166599,5.689214222
FALSE,39,other_resp,4.090467407,2.080991139,6.099943675
FALSE,40,other_resp,4.400409971,2.238418308,6.562401635
FALSE,41,other_resp,4.748571491,2.414218691,7.082924291
FALSE,42,other_resp,5.140228893,2.611573881,7.668883906
FALSE,43,other_resp,5.581508278,2.834143627,8.328872929
FALSE,44,other_resp,6.079534467,3.086143385,9.072925549
FALSE,45,other_resp,6.64260937,3.372432482,9.912786258
FALSE,46,other_resp,7.280425122,3.698612665,10.86223758
FALSE,47,other_resp,8.004319258,4.071136108,11.93750241
FALSE,48,other_resp,8.82758082,4.497420894,13.15774074
FALSE,49,other_resp,9.765818292,4.985970494,14.54566609
FALSE,50,other_resp,10.83740275,5.546491558,16.12831394
FALSE,51,other_resp,12.06400266,6.190001556,17.93800377
FALSE,52,other_resp,13.47123066,6.928914049,20.01354727
FALSE,53,other_resp,15.08942732,7.777084939,22.40176969
FALSE,54,other_resp,16.95461294,8.749797773,25.1594281
FALSE,55,other_resp,19.10964586,9.863660432,28.35563128
FALSE,56,other_resp,21.605635,11.13637938,32.07489062
FALSE,57,other_resp,24.50366623,12.58637119,36.42096126
FALSE,58,other_resp,27.87691677,14.23216376,41.52166977
FALSE,59,other_resp,31.81325054,16.09152938,47.53497169
FALSE,60,other_resp,36.41841077,18.18027625,54.65654528
FALSE,61,other_resp,41.81995599,20.51059837,63.1293136
FALSE,62,other_resp,48.17212336,23.0888417,73.25540501
FALSE,63,other_resp,55.66185111,25.91248058,85.41122163
FALSE,64,other_resp,64.51625321,28.96600973,100.0664967
FALSE,65,other_resp,75.01191749,32.2153387,117.8084963
TRUE,18,other_resp,6.339321546,2.369108946,10.30953415
TRUE,19,other_resp,7.111396381,2.913116522,11.30967624
TRUE,20,other_resp,7.963912335,3.532101541,12.39572313
TRUE,21,other_resp,8.903433804,4.231725918,13.57514169
TRUE,22,other_resp,9.936834951,5.017421198,14.85624871
TRUE,23,other_resp,11.0712867,5.89426708,16.24830633
TRUE,24,other_resp,12.31423954,6.866871919,17.76160717
TRUE,25,other_resp,13.67340182,7.939266556,19.40753707
TRUE,26,other_resp,15.15671325,9.114826017,21.19860048
TRUE,27,other_resp,16.77231348,10.39623562,23.14839135
TRUE,28,other_resp,18.52850533,11.78551761,25.27149304
TRUE,29,other_resp,20.43371262,13.28412992,27.58329532
TRUE,30,other_resp,22.49643259,14.89313978,30.09972541
TRUE,31,other_resp,24.72518257,16.6134615,32.83690363
TRUE,32,other_resp,27.1284411,18.44613411,35.81074809
TRUE,33,other_resp,29.71458358,20.39260346,39.03656371
TRUE,34,other_resp,32.49181243,22.45497046,42.52865441
TRUE,35,other_resp,35.46808213,24.6361728,46.29999147
TRUE,36,other_resp,38.65101937,26.94008023,50.36195851
TRUE,37,other_resp,42.04783876,29.37149856,54.72417895
TRUE,38,other_resp,45.66525454,31.93608872,59.39442037
TRUE,39,other_resp,49.50938896,34.64021379,64.37856414
TRUE,40,other_resp,53.58567785,37.49072652,69.68062919
TRUE,41,other_resp,57.89877434,40.4947058,75.30284288
TRUE,42,other_resp,62.45245147,43.65914492,81.24575801
TRUE,43,other_resp,67.24950465,46.99058837,87.50842093
TRUE,44,other_resp,72.29165508,50.49470969,94.08860048
TRUE,45,other_resp,77.57945509,54.17582006,100.9830901
TRUE,46,other_resp,83.11219663,58.03629603,108.1880972
TRUE,47,other_resp,88.88782417,62.07591634,115.699732
TRUE,48,other_resp,94.90285316,66.29110097,123.5146053
TRUE,49,other_resp,101.1522953,70.6740529,131.6305376
TRUE,50,other_resp,107.6295918,75.21181399,140.0473697
TRUE,51,other_resp,114.3265568,79.88526343,148.7678501
TRUE,52,other_resp,121.2333296,84.6681094,157.7985499
TRUE,53,other_resp,128.3383411,89.5259522,167.15073
TRUE,54,other_resp,135.6282907,94.41552534,176.8410561
TRUE,55,other_resp,143.0881387,99.28424346,186.892034
TRUE,56,other_resp,150.7011129,104.0701909,197.3320348
TRUE,57,other_resp,158.4487302,108.7026613,208.1947992
TRUE,58,other_resp,166.3108357,113.1032994,219.5183721
TRUE,59,other_resp,174.2656569,117.1878081,231.3435056
TRUE,60,other_resp,182.2898754,120.8680847,243.7116661
TRUE,61,other_resp,190.3587164,124.0545745,256.6628583
TRUE,62,other_resp,198.4460532,126.6585999,270.2335066
TRUE,63,other_resp,206.5245303,128.594456,284.4546046
TRUE,64,other_resp,214.5657008,129.7811338,299.3502677
TRUE,65,other_resp,222.5401797,130.1436262,314.9367332
FALSE,18,respiratory_cancer,0.038388574,-0.019281678,0.096058827
FALSE,19,respiratory_cancer,0.048871607,-0.020378596,0.118121811
FALSE,20,respiratory_cancer,0.062043923,-0.020772361,0.144860207
FALSE,21,respiratory_cancer,0.078547048,-0.02009013,0.177184226
FALSE,22,respiratory_cancer,0.09916273,-0.017843361,0.216168821
FALSE,23,respiratory_cancer,0.124840376,-0.013402366,0.263083118
FALSE,24,respiratory_cancer,0.156729105,-0.005967574,0.319425783
FALSE,25,respiratory_cancer,0.19621501,0.005462239,0.38696778
FALSE,26,respiratory_cancer,0.244964295,0.022124221,0.46780437
FALSE,27,respiratory_cancer,0.304972963,0.04552733,0.564418596
FALSE,28,respiratory_cancer,0.378623773,0.07748858,0.679758967
FALSE,29,respiratory_cancer,0.468751217,0.120168001,0.817334433
FALSE,30,respiratory_cancer,0.578715249,0.176100467,0.981330032
FALSE,31,respiratory_cancer,0.712484521,0.248222566,1.176746475
FALSE,32,respiratory_cancer,0.874729814,0.339893251,1.409566377
FALSE,33,respiratory_cancer,1.070928346,0.454908287,1.686948405
FALSE,34,respiratory_cancer,1.307479498,0.597510759,2.017448237
FALSE,35,respiratory_cancer,1.591832438,0.772402889,2.411261986
FALSE,36,respiratory_cancer,1.932625929,0.984767876,2.880483982
FALSE,37,respiratory_cancer,2.339840439,1.240313176,3.439367703
FALSE,38,respiratory_cancer,2.824962402,1.54534744,4.104577365
FALSE,39,respiratory_cancer,3.401160218,1.906901067,4.895419369
FALSE,40,respiratory_cancer,4.083471211,2.332895039,5.834047383
FALSE,41,respiratory_cancer,4.888998393,2.832355845,6.945640942
FALSE,42,respiratory_cancer,5.837115407,3.415668273,8.258562541
FALSE,43,respiratory_cancer,6.949677542,4.094854476,9.804500608
FALSE,44,respiratory_cancer,8.251236164,4.883867197,11.61860513
FALSE,45,respiratory_cancer,9.769253289,5.798885797,13.73962078
FALSE,46,respiratory_cancer,11.53431243,6.858603462,16.2100214
FALSE,47,respiratory_cancer,13.58032117,8.084490804,19.07615154
FALSE,48,respiratory_cancer,15.94470029,9.501014177,22.3883864
FALSE,49,respiratory_cancer,18.66855348,11.13577619,26.20133077
FALSE,50,respiratory_cancer,21.79681134,13.01953122,30.57409147
FALSE,51,respiratory_cancer,25.37834232,15.18601026,35.57067439
FALSE,52,respiratory_cancer,29.46602318,17.67146803,41.26057833
FALSE,53,respiratory_cancer,34.11676076,20.5138412,47.71968031
FALSE,54,respiratory_cancer,39.39145683,23.75138388,55.03152979
FALSE,55,respiratory_cancer,45.3549074,27.42063025,63.28918455
FALSE,56,respiratory_cancer,52.07562792,31.55353503,72.59772082
FALSE,57,respiratory_cancer,59.62559626,36.17367539,83.07751713
FALSE,58,respiratory_cancer,68.07990541,41.29148134,94.86832947
FALSE,59,respiratory_cancer,77.51631899,46.89860795,108.13403
FALSE,60,respiratory_cancer,88.01472327,52.96176491,123.0676816
FALSE,61,respiratory_cancer,99.65647084,59.41653178,139.8964099
FALSE,62,respiratory_cancer,112.5236128,66.16182071,158.885405
FALSE,63,respiratory_cancer,126.698018,73.0556045,180.3404316
FALSE,64,respiratory_cancer,142.2603797,79.9122648,204.6084946
FALSE,65,respiratory_cancer,159.2891134,86.50151414,232.0767126
TRUE,18,respiratory_cancer,0.031419909,-0.012319919,0.075159737
TRUE,19,respiratory_cancer,0.045266281,-0.014141822,0.104674384
TRUE,20,respiratory_cancer,0.064781188,-0.015255144,0.144817521
TRUE,21,respiratory_cancer,0.092093123,-0.014859496,0.199045743
TRUE,22,respiratory_cancer,0.130049802,-0.01171005,0.271809653
TRUE,23,respiratory_cancer,0.182430053,-0.003939211,0.368799317
TRUE,24,respiratory_cancer,0.254206864,0.011173769,0.497239959
TRUE,25,respiratory_cancer,0.351870097,0.037493794,0.6662464
TRUE,26,respiratory_cancer,0.483817582,0.080388893,0.887246271
TRUE,27,respiratory_cancer,0.660822971,0.147161948,1.174483993
TRUE,28,respiratory_cancer,0.896587778,0.247555601,1.545619955
TRUE,29,respiratory_cancer,1.208383249,0.394324274,2.022442223
TRUE,30,respiratory_cancer,1.617784897,0.603858595,2.631711198
TRUE,31,respiratory_cancer,2.15149854,0.896836945,3.406160136
TRUE,32,respiratory_cancer,2.842271325,1.2988677,4.38567495
TRUE,33,respiratory_cancer,3.72987442,1.841076094,5.618672747
TRUE,34,respiratory_cancer,4.862135805,2.560585189,7.163686421
TRUE,35,respiratory_cancer,6.295991872,3.500845747,9.091137996
TRUE,36,respiratory_cancer,8.098515747,4.711788987,11.48524251
TRUE,37,respiratory_cancer,10.34786852,6.249810286,14.44592675
TRUE,38,respiratory_cancer,13.13410765,8.17763503,18.09058026
TRUE,39,respiratory_cancer,16.5597753,10.5641551,22.55539551
TRUE,40,respiratory_cancer,20.74017929,13.48433519,27.9960234
TRUE,41,respiratory_cancer,25.80327149,17.01925579,34.5872872
TRUE,42,respiratory_cancer,31.88902463,21.25628601,42.52176325
TRUE,43,respiratory_cancer,39.14820904,26.28928845,52.00712963
TRUE,44,respiratory_cancer,47.74047766,32.21868349,63.26227183
TRUE,45,respiratory_cancer,57.8316815,39.15116272,76.51220028
TRUE,46,respiratory_cancer,69.59035926,47.1988361,91.98188242
TRUE,47,respiratory_cancer,83.18337476,56.47760405,109.8891455
TRUE,48,respiratory_cancer,98.77071363,67.10454413,130.4368831
TRUE,49,respiratory_cancer,116.4994959,79.1940848,153.804907
TRUE,50,respiratory_cancer,136.4973121,92.85271241,180.1419117
TRUE,51,respiratory_cancer,158.8650453,108.1719342,209.5581564
TRUE,52,respiratory_cancer,183.6693975,125.2192192,242.1195758
TRUE,53,respiratory_cancer,210.93539,144.0266828,277.8440973
TRUE,54,respiratory_cancer,240.6391572,164.5774026,316.7009119
TRUE,55,respiratory_cancer,272.7013853,186.7894992,358.6132715
TRUE,56,respiratory_cancer,306.9817723,210.4985414,403.4650032
TRUE,57,respiratory_cancer,343.2748868,235.4394987,451.1102749
TRUE,58,respiratory_cancer,381.3077873,261.2303642,501.3852104
TRUE,59,respiratory_cancer,420.7397219,287.3605891,554.1188546
TRUE,60,respiratory_cancer,461.1641672,313.1882548,609.1400796
TRUE,61,respiratory_cancer,502.1133784,337.9498817,666.2768752
TRUE,62,respiratory_cancer,543.0655199,360.7853821,725.3456578
TRUE,63,respiratory_cancer,583.4543269,380.7778204,786.1308335
TRUE,64,respiratory_cancer,622.6811214,397.0041945,848.3580483
TRUE,65,respiratory_cancer,660.1288774,408.5908751,911.6668798
FALSE,18,other_cancers,3.030576695,1.637623956,4.423529435
FALSE,19,other_cancers,3.345741966,1.893670765,4.797813168
FALSE,20,other_cancers,3.694354862,2.180940666,5.207769057
FALSE,21,other_cancers,4.08003394,2.502653199,5.65741468
FALSE,22,other_cancers,4.506796446,2.862290916,6.151301976
FALSE,23,other_cancers,4.979103012,3.263612508,6.694593517
FALSE,24,other_cancers,5.50190745,3.7106674,7.2931475
FALSE,25,other_cancers,6.08071223,4.207813378,7.953611082
FALSE,26,other_cancers,6.721630301,4.759739581,8.683521021
FALSE,27,other_cancers,7.431454002,5.371498105,9.491409899
FALSE,28,other_cancers,8.217731872,6.048548265,10.38691548
FALSE,29,other_cancers,9.088854288,6.796818225,11.38089035
FALSE,30,other_cancers,10.05414897,7.622788754,12.48550918
FALSE,31,other_cancers,11.12398748,8.533603153,13.71437181
FALSE,32,other_cancers,12.30990406,9.537205698,15.08260242
FALSE,33,other_cancers,13.62472816,10.64250845,16.60694786
FALSE,34,other_cancers,15.08273235,11.85958354,18.30588117
FALSE,35,other_cancers,16.69979746,13.19987587,20.19971905
FALSE,36,other_cancers,18.49359678,14.67643036,22.3107632
FALSE,37,other_cancers,20.48380184,16.30412893,24.66347474
FALSE,38,other_cancers,22.6923121,18.09993471,27.2846895
FALSE,39,other_cancers,25.14351155,20.08314414,30.20387897
FALSE,40,other_cancers,27.86455524,22.2756501,33.45346039
FALSE,41,other_cancers,30.88568947,24.70222051,37.06915842
FALSE,42,other_cancers,34.24060949,27.39079688,41.09042211
FALSE,43,other_cancers,37.96685937,30.37281589,45.56090285
FALSE,44,other_cancers,42.10627878,33.68355483,50.52900273
FALSE,45,other_cancers,46.70550265,37.36249871,56.0485066
FALSE,46,other_cancers,51.81651974,41.45372331,62.17931616
FALSE,47,other_cancers,57.49729731,46.00628449,68.98831012
FALSE,48,other_cancers,63.81247989,51.07459882,76.55036095
FALSE,49,other_cancers,70.83417093,56.71879549,84.94954638
FALSE,50,other_cancers,78.64280741,63.00501217,94.28060265
FALSE,51,other_cancers,87.32813857,70.00560137,104.6506758
FALSE,52,other_cancers,96.9903214,77.79920637,116.1814364
FALSE,53,other_cancers,107.741147,86.47066148,129.0116326
FALSE,54,other_cancers,119.7054137,96.11067014,143.3001573
FALSE,55,other_cancers,133.0224647,106.8152206,159.2297087
FALSE,56,other_cancers,147.8479099,118.6847148,177.011105
FALSE,57,other_cancers,164.3555558,131.8228136,196.888298
FALSE,58,other_cancers,182.7395665,146.3350382,219.1440948
FALSE,59,other_cancers,203.2168861,162.3272067,244.1065654
FALSE,60,other_cancers,226.0299532,179.90381,272.1560964
FALSE,61,other_cancers,251.4497447,199.1664292,303.7330601
FALSE,62,other_cancers,279.7791869,220.2122503,339.3461235
FALSE,63,other_cancers,311.3569822,243.1326536,379.5813109
FALSE,64,other_cancers,346.5619,268.0117522,425.1120478
FALSE,65,other_cancers,385.8175896,294.9246704,476.7105088
TRUE,18,other_cancers,3.667990402,1.745400647,5.590580158
TRUE,19,other_cancers,4.244829268,2.14678258,6.342875956
TRUE,20,other_cancers,4.908647175,2.622404674,7.194889675
TRUE,21,other_cancers,5.671957395,3.183794116,8.160120674
TRUE,22,other_cancers,6.548979883,3.843927891,9.254031875
TRUE,23,other_cancers,7.555860064,4.617356007,10.49436412
TRUE,24,other_cancers,8.710913659,5.520326146,11.90150117
TRUE,25,other_cancers,10.03490038,6.570910272,13.49889049
TRUE,26,other_cancers,11.55132958,7.789135626,15.31352353
TRUE,27,other_cancers,13.28680123,9.197125656,17.37647681
TRUE,28,other_cancers,15.27138599,10.81926059,19.7235114
TRUE,29,other_cancers,17.53904829,12.68237251,22.39572408
TRUE,30,other_cancers,20.12811693,14.81599522,25.44023864
TRUE,31,other_cancers,23.08180793,17.25269334,28.91092253
TRUE,32,other_cancers,26.44880486,20.02849654,32.86911318
TRUE,33,other_cancers,30.28390221,23.18346165,37.38434277
TRUE,34,other_cancers,34.64871807,26.76237719,42.53505895
TRUE,35,other_cancers,39.61248253,30.81561235,48.40935271
TRUE,36,other_cancers,45.25290912,35.40010002,55.10571822
TRUE,37,other_cancers,51.65715685,40.58043417,62.73387953
TRUE,38,other_cancers,58.92289124,46.43005998,71.41572251
TRUE,39,other_cancers,67.15945318,53.03254013,81.28636623
TRUE,40,other_cancers,76.48914517,60.48289018,92.49540017
TRUE,41,other_cancers,87.04864527,68.88898459,105.208306
TRUE,42,other_cancers,98.99055956,78.37303982,119.6080793
TRUE,43,other_cancers,112.4851249,89.07317892,135.897071
TRUE,44,other_cancers,127.7220746,101.145074,154.2990752
TRUE,45,other_cancers,144.9126795,114.7636493,175.0617097
TRUE,46,other_cancers,164.2919796,130.1248084,198.4591507
TRUE,47,other_cancers,186.1212204,147.4471267,224.7953142
TRUE,48,other_cancers,210.6905098,166.9734182,254.4076015
TRUE,49,other_cancers,238.3217119,188.972055,287.6713688
TRUE,50,other_cancers,269.3715956,213.737871,325.0053202
TRUE,51,other_cancers,304.2352565,241.5924393,366.8780738
TRUE,52,other_cancers,343.3498301,272.8834608,413.8161993
TRUE,53,other_cancers,387.1985174,307.9829642,466.4140706
TRUE,54,other_cancers,436.314944,347.2839917,525.3458962
TRUE,55,other_cancers,491.2878724,391.1954676,591.3802772
TRUE,56,other_cancers,552.766293,440.1350264,665.3975597
TRUE,57,other_cancers,621.4649139,494.5197451,748.4100826
TRUE,58,other_cancers,698.170075,554.7549717,841.5851783
TRUE,59,other_cancers,783.7461112,621.2217376,946.2704847
TRUE,60,other_cancers,879.1421874,694.2634895,1064.020885
TRUE,61,other_cancers,985.3996336,774.1729566,1196.626311
TRUE,62,other_cancers,1103.659803,861.1797716,1346.139835
TRUE,63,other_cancers,1235.172481,955.438998,1514.905964
TRUE,64,other_cancers,1381.304869,1057.020106,1705.589631
TRUE,65,other_cancers,1543.55117,1165.895399,1921.206941
FALSE,18,liver,0.416842676,0.070374361,0.763310991
FALSE,19,liver,0.51534043,0.112664279,0.918016582
FALSE,20,liver,0.633980801,0.168633547,1.099328055
FALSE,21,liver,0.776100292,0.241280918,1.310919666
FALSE,22,liver,0.945408358,0.33397448,1.556842236
FALSE,23,liver,1.145990133,0.4504284,1.841551865
FALSE,24,liver,1.382299558,0.594658174,2.169940941
FALSE,25,liver,1.659141055,0.770911888,2.547370223
FALSE,26,liver,1.981637906,0.983576633,2.97969918
FALSE,27,liver,2.355185628,1.237061675,3.47330958
FALSE,28,liver,2.785388856,1.535663297,4.035114416
FALSE,29,liver,3.277980572,1.88342006,4.672541084
FALSE,30,liver,3.838722929,2.283970959,5.3934749
FALSE,31,liver,4.473289531,2.740431349,6.206147713
FALSE,32,liver,5.187129617,3.255301309,7.118957925
FALSE,33,liver,5.985315421,3.830417089,8.140213753
FALSE,34,liver,6.872374763,4.466948422,9.277801104
FALSE,35,liver,7.852111836,5.16543444,10.53878923
FALSE,36,liver,8.927420035,5.92584182,11.92899825
FALSE,37,liver,10.10009157,6.747623812,13.45255933
FALSE,38,liver,11.37062937,7.629759635,15.1114991
FALSE,39,liver,12.73806751,8.570759356,16.90537567
FALSE,40,liver,14.19980692,9.568627026,18.83098681
FALSE,41,liver,15.75147332,10.62078164,20.88216501
FALSE,42,liver,17.38680466,11.72393976,23.04966957
FALSE,43,liver,19.09757473,12.87396549,25.32118396
FALSE,44,liver,20.87355936,14.06569356,27.68142516
FALSE,45,liver,22.70255072,15.29273115,30.1123703
FALSE,46,liver,24.57042384,16.54724437,32.5936033
FALSE,47,liver,26.46125827,17.81973659,35.10277994
FALSE,48,liver,28.35751597,19.09882841,37.61620353
FALSE,49,liver,30.2402745,20.37105359,40.10949542
FALSE,50,liver,32.08951277,21.62069095,42.55833459
FALSE,51,liver,33.88444425,22.82966014,44.93922837
FALSE,52,liver,35.60389087,23.97751778,47.23026397
FALSE,53,liver,37.22668852,25.04159942,49.41177762
FALSE,54,liver,38.73211386,25.99735828,51.46686944
FALSE,55,liver,40.10032056,26.81894956,53.38169156
FALSE,56,liver,41.31277227,27.48009361,55.14545093
FALSE,57,liver,42.35265921,27.95521729,56.75010114
FALSE,58,liver,43.20528543,28.22082103,58.18974983
FALSE,59,liver,43.85841408,28.25695957,59.4598686
FALSE,60,liver,44.30255961,28.04867519,60.55644404
FALSE,61,liver,44.53121696,27.58720529,61.47522864
FALSE,62,liver,44.54102009,26.87081155,62.21122864
FALSE,63,liver,44.33182443,25.90514021,62.75850864
FALSE,64,liver,43.90671042,24.70309949,63.11032136
FALSE,65,liver,43.27190807,23.28430678,63.25950937
TRUE,18,liver,5.628982087,3.046590895,8.211373279
TRUE,19,liver,6.876035024,3.913004401,9.839065647
TRUE,20,liver,8.357227913,4.976335492,11.73812033
TRUE,21,liver,10.10653687,6.269337301,13.94373643
TRUE,22,liver,12.1606961,7.827383357,16.49400884
TRUE,23,liver,14.55896355,9.688000739,19.42992636
TRUE,24,liver,17.3427688,11.89021845,22.79531915
TRUE,25,liver,20.55523105,14.47372884,26.63673326
TRUE,26,liver,24.24053739,17.47787656,31.00319821
TRUE,27,liver,28.44317521,20.94051145,35.94583897
TRUE,28,liver,33.20701682,24.89676562,41.51726802
TRUE,29,liver,38.57425971,29.37783796,47.77068146
TRUE,30,liver,44.58423207,34.40988195,54.75858218
TRUE,31,liver,51.27207968,40.01308752,62.53107185
TRUE,32,liver,58.66735774,46.20101808,71.1336974
TRUE,33,liver,66.79255807,52.98021073,80.60490541
TRUE,34,liver,75.66160975,60.3499861,90.97323341
TRUE,35,liver,85.27839729,68.30236475,102.2544298
TRUE,36,liver,95.63534631,76.82197171,114.4487209
TRUE,37,liver,106.7121309,85.88583315,127.5384287
TRUE,38,liver,118.4745595,95.46301872,141.4861002
TRUE,39,liver,130.8736953,105.5141362,156.2332543
TRUE,40,liver,143.8452681,115.9907247,171.6998114
TRUE,41,liver,157.3094264,126.8346099,187.7842428
TRUE,42,liver,171.1708736,137.9772869,204.3644603
TRUE,43,liver,185.3194231,149.3393868,221.2994594
TRUE,44,liver,199.6309917,160.830274,238.4317095
TRUE,45,liver,213.9690416,172.3478154,255.5902679
TRUE,46,liver,228.1864601,183.7783609,272.5945593
TRUE,47,liver,242.1278542,194.9969824,289.258726
TRUE,48,liver,255.6322177,205.8680303,305.3964052
TRUE,49,liver,268.5359129,216.2460866,320.8257392
TRUE,50,liver,280.6758937,225.9774196,335.3743679
TRUE,51,liver,291.8930847,234.90207,348.8840993
TRUE,52,liver,302.0358194,242.856722,361.2149168
TRUE,53,liver,310.9632361,249.6785035,372.2479687
TRUE,54,liver,318.5485235,255.2098187,381.8872283
TRUE,55,liver,324.6819145,259.3041979,390.0596311
TRUE,56,liver,329.2733273,261.832963,396.7136917
TRUE,57,liver,332.2545667,262.692266,401.8168675
TRUE,58,liver,333.5810089,261.8098305,405.3521874
TRUE,59,liver,333.2327133,259.1505998,407.3148269
TRUE,60,liver,331.2149211,254.7205473,407.7092948
TRUE,61,liver,327.5579238,248.5681446,406.5477029
TRUE,62,liver,322.3163071,240.783334,403.8492802
TRUE,63,liver,315.5675948,231.4942091,399.6409806
TRUE,64,liver,307.4103416,220.8618595,393.9588237
TRUE,65,liver,297.9617386,209.0739504,386.8495267
FALSE,18,other,8.766336256,5.071908563,12.46076395
FALSE,19,other,9.127655524,5.488991712,12.76631934
FALSE,20,other,9.510707718,5.922020208,13.09939523
FALSE,21,other,9.916967869,6.371346134,13.4625896
FALSE,22,other,10.34802464,6.837292741,13.85875655
FALSE,23,other,10.80558987,7.320170371,14.29100938
FALSE,24,other,11.29150894,7.820302781,14.76271509
FALSE,25,other,11.80777211,8.338065715,15.2774785
FALSE,26,other,12.35652693,8.873938439,15.83911542
FALSE,27,other,12.94009172,9.428567221,16.45161621
FALSE,28,other,13.56097035,10.00283747,17.11910323
FALSE,29,other,14.2218684,10.59794897,17.84578783
FALSE,30,other,14.92571078,11.2154872,18.63593437
FALSE,31,other,15.6756611,11.85748365,19.49383855
FALSE,32,other,16.47514277,12.52645973,20.4238258
FALSE,33,other,17.32786217,13.22545179,21.43027256
FALSE,34,other,18.23783408,13.95801846,22.51764971
FALSE,35,other,19.20940943,14.72823419,23.69058467
FALSE,36,other,20.24730585,15.54067443,24.95393728
FALSE,37,other,21.35664116,16.40039786,26.31288446
FALSE,38,other,22.54297011,17.31293007,27.77301016
FALSE,39,other,23.81232477,18.28425077,29.34039878
FALSE,40,other,25.17125888,19.32078535,31.02173241
FALSE,41,other,26.62689666,20.42939952,32.8243938
FALSE,42,other,28.18698644,21.6173945,34.75657838
FALSE,43,other,29.85995972,22.89249953,36.82741991
FALSE,44,other,31.65499621,24.26285753,39.04713488
FALSE,45,other,33.58209542,25.73699919,41.42719165
FALSE,46,other,35.65215567,27.32380025,43.9805111
FALSE,47,other,37.87706108,29.03241638,46.72170578
FALSE,48,other,40.26977765,30.87218988,49.66736542
FALSE,49,other,42.84445929,32.85252234,52.83639625
FALSE,50,other,45.61656491,34.98270855,56.25042126
FALSE,51,other,48.60298777,37.27172842,59.93424711
FALSE,52,other,51.82219855,39.72799677,63.91640032
FALSE,53,other,55.29440353,42.35907531,68.22973176
FALSE,54,other,59.04171971,45.17135684,72.91208257
FALSE,55,other,63.08836858,48.16973754,78.00699962
FALSE,56,other,67.46089095,51.35729856,83.56448333
FALSE,57,other,72.18838492,54.73501951,89.64175033
FALSE,58,other,77.30276986,58.30154286,96.30399686
FALSE,59,other,82.83907922,62.05299779,103.6251607
FALSE,60,other,88.83578567,65.98287608,111.6886953
FALSE,61,other,95.33516215,70.0819344,120.5883899
FALSE,62,other,102.3836832,74.3380819,130.4292844
FALSE,63,other,110.0324708,78.73620427,141.3287374
FALSE,64,other,118.3377913,83.25787622,153.4177063
FALSE,65,other,127.361607,87.88092327,166.8422907
TRUE,18,other,23.30741827,15.87208878,30.74274776
TRUE,19,other,26.31090934,18.40007339,34.22174529
TRUE,20,other,29.63934947,21.23933038,38.03936855
TRUE,21,other,33.31904906,24.41436063,42.22373749
TRUE,22,other,37.37727619,27.94949381,46.80505857
TRUE,23,other,41.84213368,31.86854191,51.81572545
TRUE,24,other,46.74241176,36.19445117,57.29037235
TRUE,25,other,52.10741542,40.94897915,63.26585169
TRUE,26,other,57.96676566,46.15242895,69.78110237
TRUE,27,other,64.35017419,51.82347479,76.87687359
TRUE,28,other,71.28719163,57.97910844,84.59527481
TRUE,29,other,78.80692941,64.63472323,92.9791356
TRUE,30,other,86.93775632,71.80433068,102.071182
TRUE,31,other,95.70697077,79.500878,111.9130635
TRUE,32,other,105.1404508,87.73660963,122.5442919
TRUE,33,other,115.2622836,96.52340067,134.0011666
TRUE,34,other,126.0943787,105.872991,146.3157664
TRUE,35,other,137.656066,115.7970661,159.5150659
TRUE,36,other,149.9636847,126.3071565,173.6202129
TRUE,37,other,163.0301668,137.4143575,188.6459761
TRUE,38,other,176.8646196,149.1288868,204.6003524
TRUE,39,other,191.4719132,161.4595091,221.4843173
TRUE,40,other,206.8522792,174.4128537,239.2917048
TRUE,41,other,223.0009256,187.9926425,258.0092086
TRUE,42,other,239.907675,202.1988375,277.6165124
TRUE,43,other,257.5566332,217.0267076,298.0865588
TRUE,44,other,275.9258938,232.4658082,319.3859794
TRUE,45,other,294.9872858,248.4988664,341.4757052
TRUE,46,other,314.7061711,265.1005633,364.3117788
TRUE,47,other,335.0412971,282.2362138,387.8463804
TRUE,48,other,355.9447117,299.8603543,412.0290691
TRUE,49,other,377.3617435,317.9152639,436.8082231
TRUE,50,other,399.2310545,336.3294745,462.1326344
TRUE,51,other,421.4847668,355.016355,487.9531786
TRUE,52,other,444.0486679,373.8728981,514.2244377
TRUE,53,other,466.8424948,392.7788802,540.9061095
TRUE,54,other,489.7802992,411.5966023,567.9639961
TRUE,55,other,512.7708924,430.1714312,595.3703535
TRUE,56,other,535.7183687,448.3333296,623.1034078
TRUE,57,other,558.5227045,465.8994815,651.1459275
TRUE,58,other,581.0804285,482.6779778,679.4828792
TRUE,59,other,603.2853584,498.4723559,708.0983608
TRUE,60,other,625.0293962,513.0866397,736.9721527
TRUE,61,other,646.2033765,526.3304367,766.0763163
TRUE,62,other,666.697956,538.0236636,795.3722484
TRUE,63,other,686.4045372,548.0005748,824.8084997
TRUE,64,other,705.2162139,556.1129223,854.3195055
TRUE,65,other,723.0287276,562.2322293,883.8252259
